week,week_start,region,product,demand
0,2023-01-02,West,P1,129
0,2023-01-02,Central,P1,90
0,2023-01-02,East,P1,111
0,2023-01-02,West,P2,228
0,2023-01-02,Central,P2,257
0,2023-01-02,East,P2,109
0,2023-01-02,West,P3,56
0,2023-01-02,Central,P3,60
0,2023-01-02,East,P3,154
0,2023-01-02,West,P4,42
0,2023-01-02,Central,P4,33
0,2023-01-02,East,P4,95
0,2023-01-02,West,P5,195
0,2023-01-02,Central,P5,84
0,2023-01-02,East,P5,104
1,2023-01-09,West,P1,38
1,2023-01-09,Central,P1,86
1,2023-01-09,East,P1,82
1,2023-01-09,West,P2,234
1,2023-01-09,Central,P2,102
1,2023-01-09,East,P2,167
1,2023-01-09,West,P3,217
1,2023-01-09,Central,P3,140
1,2023-01-09,East,P3,57
1,2023-01-09,West,P4,71
1,2023-01-09,Central,P4,35
1,2023-01-09,East,P4,179
1,2023-01-09,West,P5,160
1,2023-01-09,Central,P5,63
1,2023-01-09,East,P5,125
2,2023-01-16,West,P1,135
2,2023-01-16,Central,P1,140
2,2023-01-16,East,P1,45
2,2023-01-16,West,P2,143
2,2023-01-16,Central,P2,184
2,2023-01-16,East,P2,123
2,2023-01-16,West,P3,151
2,2023-01-16,Central,P3,135
2,2023-01-16,East,P3,106
2,2023-01-16,West,P4,108
2,2023-01-16,Central,P4,78
2,2023-01-16,East,P4,111
2,2023-01-16,West,P5,170
2,2023-01-16,Central,P5,135
2,2023-01-16,East,P5,74
3,2023-01-23,West,P1,103
3,2023-01-23,Central,P1,74
3,2023-01-23,East,P1,118
3,2023-01-23,West,P2,157
3,2023-01-23,Central,P2,162
3,2023-01-23,East,P2,241
3,2023-01-23,West,P3,103
3,2023-01-23,Central,P3,117
3,2023-01-23,East,P3,85
3,2023-01-23,West,P4,132
3,2023-01-23,Central,P4,95
3,2023-01-23,East,P4,72
3,2023-01-23,West,P5,135
3,2023-01-23,Central,P5,130
3,2023-01-23,East,P5,199
4,2023-01-30,West,P1,107
4,2023-01-30,Central,P1,124
4,2023-01-30,East,P1,91
4,2023-01-30,West,P2,209
4,2023-01-30,Central,P2,203
4,2023-01-30,East,P2,128
4,2023-01-30,West,P3,152
4,2023-01-30,Central,P3,99
4,2023-01-30,East,P3,75
4,2023-01-30,West,P4,54
4,2023-01-30,Central,P4,111
4,2023-01-30,East,P4,99
4,2023-01-30,West,P5,125
4,2023-01-30,Central,P5,88
4,2023-01-30,East,P5,229
5,2023-02-06,West,P1,111
5,2023-02-06,Central,P1,78
5,2023-02-06,East,P1,133
5,2023-02-06,West,P2,199
5,2023-02-06,Central,P2,403
5,2023-02-06,East,P2,138
5,2023-02-06,West,P3,134
5,2023-02-06,Central,P3,112
5,2023-02-06,East,P3,130
5,2023-02-06,West,P4,206
5,2023-02-06,Central,P4,79
5,2023-02-06,East,P4,74
5,2023-02-06,West,P5,82
5,2023-02-06,Central,P5,38
5,2023-02-06,East,P5,139
6,2023-02-13,West,P1,82
6,2023-02-13,Central,P1,96
6,2023-02-13,East,P1,175
6,2023-02-13,West,P2,145
6,2023-02-13,Central,P2,170
6,2023-02-13,East,P2,228
6,2023-02-13,West,P3,151
6,2023-02-13,Central,P3,34
6,2023-02-13,East,P3,47
6,2023-02-13,West,P4,133
6,2023-02-13,Central,P4,96
6,2023-02-13,East,P4,30
6,2023-02-13,West,P5,143
6,2023-02-13,Central,P5,244
6,2023-02-13,East,P5,88
7,2023-02-20,West,P1,100
7,2023-02-20,Central,P1,61
7,2023-02-20,East,P1,150
7,2023-02-20,West,P2,174
7,2023-02-20,Central,P2,174
7,2023-02-20,East,P2,285
7,2023-02-20,West,P3,161
7,2023-02-20,Central,P3,110
7,2023-02-20,East,P3,46
7,2023-02-20,West,P4,73
7,2023-02-20,Central,P4,88
7,2023-02-20,East,P4,90
7,2023-02-20,West,P5,145
7,2023-02-20,Central,P5,90
7,2023-02-20,East,P5,145
8,2023-02-27,West,P1,166
8,2023-02-27,Central,P1,162
8,2023-02-27,East,P1,143
8,2023-02-27,West,P2,382
8,2023-02-27,Central,P2,137
8,2023-02-27,East,P2,281
8,2023-02-27,West,P3,189
8,2023-02-27,Central,P3,86
8,2023-02-27,East,P3,84
8,2023-02-27,West,P4,83
8,2023-02-27,Central,P4,42
8,2023-02-27,East,P4,163
8,2023-02-27,West,P5,88
8,2023-02-27,Central,P5,205
8,2023-02-27,East,P5,157
9,2023-03-06,West,P1,86
9,2023-03-06,Central,P1,120
9,2023-03-06,East,P1,118
9,2023-03-06,West,P2,145
9,2023-03-06,Central,P2,100
9,2023-03-06,East,P2,301
9,2023-03-06,West,P3,98
9,2023-03-06,Central,P3,31
9,2023-03-06,East,P3,150
9,2023-03-06,West,P4,97
9,2023-03-06,Central,P4,46
9,2023-03-06,East,P4,125
9,2023-03-06,West,P5,129
9,2023-03-06,Central,P5,122
9,2023-03-06,East,P5,174
10,2023-03-13,West,P1,181
10,2023-03-13,Central,P1,77
10,2023-03-13,East,P1,82
10,2023-03-13,West,P2,140
10,2023-03-13,Central,P2,213
10,2023-03-13,East,P2,121
10,2023-03-13,West,P3,105
10,2023-03-13,Central,P3,159
10,2023-03-13,East,P3,58
10,2023-03-13,West,P4,143
10,2023-03-13,Central,P4,32
10,2023-03-13,East,P4,69
10,2023-03-13,West,P5,166
10,2023-03-13,Central,P5,138
10,2023-03-13,East,P5,165
11,2023-03-20,West,P1,89
11,2023-03-20,Central,P1,129
11,2023-03-20,East,P1,66
11,2023-03-20,West,P2,180
11,2023-03-20,Central,P2,135
11,2023-03-20,East,P2,179
11,2023-03-20,West,P3,79
11,2023-03-20,Central,P3,149
11,2023-03-20,East,P3,60
11,2023-03-20,West,P4,115
11,2023-03-20,Central,P4,69
11,2023-03-20,East,P4,99
11,2023-03-20,West,P5,149
11,2023-03-20,Central,P5,147
11,2023-03-20,East,P5,75
12,2023-03-27,West,P1,85
12,2023-03-27,Central,P1,129
12,2023-03-27,East,P1,196
12,2023-03-27,West,P2,134
12,2023-03-27,Central,P2,91
12,2023-03-27,East,P2,196
12,2023-03-27,West,P3,156
12,2023-03-27,Central,P3,48
12,2023-03-27,East,P3,78
12,2023-03-27,West,P4,154
12,2023-03-27,Central,P4,62
12,2023-03-27,East,P4,89
12,2023-03-27,West,P5,142
12,2023-03-27,Central,P5,94
12,2023-03-27,East,P5,98
13,2023-04-03,West,P1,51
13,2023-04-03,Central,P1,69
13,2023-04-03,East,P1,36
13,2023-04-03,West,P2,244
13,2023-04-03,Central,P2,206
13,2023-04-03,East,P2,99
13,2023-04-03,West,P3,127
13,2023-04-03,Central,P3,143
13,2023-04-03,East,P3,132
13,2023-04-03,West,P4,161
13,2023-04-03,Central,P4,57
13,2023-04-03,East,P4,88
13,2023-04-03,West,P5,220
13,2023-04-03,Central,P5,104
13,2023-04-03,East,P5,83
14,2023-04-10,West,P1,86
14,2023-04-10,Central,P1,122
14,2023-04-10,East,P1,28
14,2023-04-10,West,P2,132
14,2023-04-10,Central,P2,160
14,2023-04-10,East,P2,268
14,2023-04-10,West,P3,117
14,2023-04-10,Central,P3,102
14,2023-04-10,East,P3,119
14,2023-04-10,West,P4,165
14,2023-04-10,Central,P4,75
14,2023-04-10,East,P4,85
14,2023-04-10,West,P5,238
14,2023-04-10,Central,P5,95
14,2023-04-10,East,P5,95
15,2023-04-17,West,P1,112
15,2023-04-17,Central,P1,109
15,2023-04-17,East,P1,141
15,2023-04-17,West,P2,361
15,2023-04-17,Central,P2,122
15,2023-04-17,East,P2,99
15,2023-04-17,West,P3,92
15,2023-04-17,Central,P3,138
15,2023-04-17,East,P3,91
15,2023-04-17,West,P4,45
15,2023-04-17,Central,P4,118
15,2023-04-17,East,P4,32
15,2023-04-17,West,P5,277
15,2023-04-17,Central,P5,141
15,2023-04-17,East,P5,94
16,2023-04-24,West,P1,115
16,2023-04-24,Central,P1,81
16,2023-04-24,East,P1,25
16,2023-04-24,West,P2,214
16,2023-04-24,Central,P2,155
16,2023-04-24,East,P2,206
16,2023-04-24,West,P3,174
16,2023-04-24,Central,P3,55
16,2023-04-24,East,P3,92
16,2023-04-24,West,P4,71
16,2023-04-24,Central,P4,125
16,2023-04-24,East,P4,121
16,2023-04-24,West,P5,249
16,2023-04-24,Central,P5,107
16,2023-04-24,East,P5,49
17,2023-05-01,West,P1,117
17,2023-05-01,Central,P1,141
17,2023-05-01,East,P1,92
17,2023-05-01,West,P2,232
17,2023-05-01,Central,P2,137
17,2023-05-01,East,P2,98
17,2023-05-01,West,P3,126
17,2023-05-01,Central,P3,101
17,2023-05-01,East,P3,106
17,2023-05-01,West,P4,113
17,2023-05-01,Central,P4,165
17,2023-05-01,East,P4,122
17,2023-05-01,West,P5,186
17,2023-05-01,Central,P5,243
17,2023-05-01,East,P5,47
18,2023-05-08,West,P1,105
18,2023-05-08,Central,P1,20
18,2023-05-08,East,P1,157
18,2023-05-08,West,P2,148
18,2023-05-08,Central,P2,194
18,2023-05-08,East,P2,98
18,2023-05-08,West,P3,182
18,2023-05-08,Central,P3,79
18,2023-05-08,East,P3,82
18,2023-05-08,West,P4,160
18,2023-05-08,Central,P4,74
18,2023-05-08,East,P4,33
18,2023-05-08,West,P5,181
18,2023-05-08,Central,P5,87
18,2023-05-08,East,P5,118
19,2023-05-15,West,P1,85
19,2023-05-15,Central,P1,131
19,2023-05-15,East,P1,43
19,2023-05-15,West,P2,178
19,2023-05-15,Central,P2,106
19,2023-05-15,East,P2,198
19,2023-05-15,West,P3,154
19,2023-05-15,Central,P3,60
19,2023-05-15,East,P3,61
19,2023-05-15,West,P4,134
19,2023-05-15,Central,P4,91
19,2023-05-15,East,P4,37
19,2023-05-15,West,P5,172
19,2023-05-15,Central,P5,160
19,2023-05-15,East,P5,117
20,2023-05-22,West,P1,103
20,2023-05-22,Central,P1,102
20,2023-05-22,East,P1,56
20,2023-05-22,West,P2,269
20,2023-05-22,Central,P2,96
20,2023-05-22,East,P2,153
20,2023-05-22,West,P3,167
20,2023-05-22,Central,P3,22
20,2023-05-22,East,P3,44
20,2023-05-22,West,P4,44
20,2023-05-22,Central,P4,21
20,2023-05-22,East,P4,176
20,2023-05-22,West,P5,91
20,2023-05-22,Central,P5,105
20,2023-05-22,East,P5,176
21,2023-05-29,West,P1,209
21,2023-05-29,Central,P1,87
21,2023-05-29,East,P1,99
21,2023-05-29,West,P2,135
21,2023-05-29,Central,P2,157
21,2023-05-29,East,P2,185
21,2023-05-29,West,P3,77
21,2023-05-29,Central,P3,27
21,2023-05-29,East,P3,96
21,2023-05-29,West,P4,145
21,2023-05-29,Central,P4,106
21,2023-05-29,East,P4,33
21,2023-05-29,West,P5,157
21,2023-05-29,Central,P5,102
21,2023-05-29,East,P5,89
22,2023-06-05,West,P1,129
22,2023-06-05,Central,P1,128
22,2023-06-05,East,P1,83
22,2023-06-05,West,P2,268
22,2023-06-05,Central,P2,92
22,2023-06-05,East,P2,117
22,2023-06-05,West,P3,84
22,2023-06-05,Central,P3,77
22,2023-06-05,East,P3,144
22,2023-06-05,West,P4,58
22,2023-06-05,Central,P4,68
22,2023-06-05,East,P4,151
22,2023-06-05,West,P5,239
22,2023-06-05,Central,P5,116
22,2023-06-05,East,P5,113
23,2023-06-12,West,P1,62
23,2023-06-12,Central,P1,45
23,2023-06-12,East,P1,74
23,2023-06-12,West,P2,177
23,2023-06-12,Central,P2,264
23,2023-06-12,East,P2,201
23,2023-06-12,West,P3,103
23,2023-06-12,Central,P3,67
23,2023-06-12,East,P3,116
23,2023-06-12,West,P4,115
23,2023-06-12,Central,P4,76
23,2023-06-12,East,P4,74
23,2023-06-12,West,P5,89
23,2023-06-12,Central,P5,133
23,2023-06-12,East,P5,105
24,2023-06-19,West,P1,165
24,2023-06-19,Central,P1,75
24,2023-06-19,East,P1,150
24,2023-06-19,West,P2,232
24,2023-06-19,Central,P2,89
24,2023-06-19,East,P2,144
24,2023-06-19,West,P3,146
24,2023-06-19,Central,P3,94
24,2023-06-19,East,P3,131
24,2023-06-19,West,P4,126
24,2023-06-19,Central,P4,119
24,2023-06-19,East,P4,62
24,2023-06-19,West,P5,215
24,2023-06-19,Central,P5,106
24,2023-06-19,East,P5,275
25,2023-06-26,West,P1,134
25,2023-06-26,Central,P1,76
25,2023-06-26,East,P1,59
25,2023-06-26,West,P2,300
25,2023-06-26,Central,P2,151
25,2023-06-26,East,P2,306
25,2023-06-26,West,P3,99
25,2023-06-26,Central,P3,45
25,2023-06-26,East,P3,59
25,2023-06-26,West,P4,95
25,2023-06-26,Central,P4,65
25,2023-06-26,East,P4,94
25,2023-06-26,West,P5,250
25,2023-06-26,Central,P5,53
25,2023-06-26,East,P5,71
26,2023-07-03,West,P1,70
26,2023-07-03,Central,P1,119
26,2023-07-03,East,P1,62
26,2023-07-03,West,P2,180
26,2023-07-03,Central,P2,190
26,2023-07-03,East,P2,302
26,2023-07-03,West,P3,78
26,2023-07-03,Central,P3,83
26,2023-07-03,East,P3,56
26,2023-07-03,West,P4,80
26,2023-07-03,Central,P4,102
26,2023-07-03,East,P4,78
26,2023-07-03,West,P5,130
26,2023-07-03,Central,P5,139
26,2023-07-03,East,P5,116
27,2023-07-10,West,P1,279
27,2023-07-10,Central,P1,66
27,2023-07-10,East,P1,27
27,2023-07-10,West,P2,155
27,2023-07-10,Central,P2,156
27,2023-07-10,East,P2,213
27,2023-07-10,West,P3,86
27,2023-07-10,Central,P3,67
27,2023-07-10,East,P3,115
27,2023-07-10,West,P4,70
27,2023-07-10,Central,P4,86
27,2023-07-10,East,P4,74
27,2023-07-10,West,P5,151
27,2023-07-10,Central,P5,232
27,2023-07-10,East,P5,103
28,2023-07-17,West,P1,116
28,2023-07-17,Central,P1,57
28,2023-07-17,East,P1,83
28,2023-07-17,West,P2,222
28,2023-07-17,Central,P2,145
28,2023-07-17,East,P2,111
28,2023-07-17,West,P3,125
28,2023-07-17,Central,P3,80
28,2023-07-17,East,P3,104
28,2023-07-17,West,P4,93
28,2023-07-17,Central,P4,62
28,2023-07-17,East,P4,101
28,2023-07-17,West,P5,138
28,2023-07-17,Central,P5,62
28,2023-07-17,East,P5,129
29,2023-07-24,West,P1,73
29,2023-07-24,Central,P1,168
29,2023-07-24,East,P1,58
29,2023-07-24,West,P2,223
29,2023-07-24,Central,P2,87
29,2023-07-24,East,P2,112
29,2023-07-24,West,P3,120
29,2023-07-24,Central,P3,59
29,2023-07-24,East,P3,42
29,2023-07-24,West,P4,70
29,2023-07-24,Central,P4,103
29,2023-07-24,East,P4,99
29,2023-07-24,West,P5,139
29,2023-07-24,Central,P5,183
29,2023-07-24,East,P5,76
30,2023-07-31,West,P1,114
30,2023-07-31,Central,P1,50
30,2023-07-31,East,P1,74
30,2023-07-31,West,P2,229
30,2023-07-31,Central,P2,182
30,2023-07-31,East,P2,76
30,2023-07-31,West,P3,136
30,2023-07-31,Central,P3,70
30,2023-07-31,East,P3,43
30,2023-07-31,West,P4,119
30,2023-07-31,Central,P4,77
30,2023-07-31,East,P4,90
30,2023-07-31,West,P5,134
30,2023-07-31,Central,P5,70
30,2023-07-31,East,P5,163
31,2023-08-07,West,P1,101
31,2023-08-07,Central,P1,59
31,2023-08-07,East,P1,129
31,2023-08-07,West,P2,134
31,2023-08-07,Central,P2,172
31,2023-08-07,East,P2,154
31,2023-08-07,West,P3,131
31,2023-08-07,Central,P3,30
31,2023-08-07,East,P3,112
31,2023-08-07,West,P4,92
31,2023-08-07,Central,P4,137
31,2023-08-07,East,P4,55
31,2023-08-07,West,P5,214
31,2023-08-07,Central,P5,83
31,2023-08-07,East,P5,52
32,2023-08-14,West,P1,185
32,2023-08-14,Central,P1,53
32,2023-08-14,East,P1,21
32,2023-08-14,West,P2,165
32,2023-08-14,Central,P2,168
32,2023-08-14,East,P2,46
32,2023-08-14,West,P3,68
32,2023-08-14,Central,P3,82
32,2023-08-14,East,P3,57
32,2023-08-14,West,P4,76
32,2023-08-14,Central,P4,99
32,2023-08-14,East,P4,100
32,2023-08-14,West,P5,187
32,2023-08-14,Central,P5,242
32,2023-08-14,East,P5,57
33,2023-08-21,West,P1,45
33,2023-08-21,Central,P1,118
33,2023-08-21,East,P1,68
33,2023-08-21,West,P2,155
33,2023-08-21,Central,P2,286
33,2023-08-21,East,P2,70
33,2023-08-21,West,P3,50
33,2023-08-21,Central,P3,81
33,2023-08-21,East,P3,94
33,2023-08-21,West,P4,60
33,2023-08-21,Central,P4,64
33,2023-08-21,East,P4,62
33,2023-08-21,West,P5,187
33,2023-08-21,Central,P5,123
33,2023-08-21,East,P5,59
34,2023-08-28,West,P1,117
34,2023-08-28,Central,P1,112
34,2023-08-28,East,P1,89
34,2023-08-28,West,P2,53
34,2023-08-28,Central,P2,99
34,2023-08-28,East,P2,283
34,2023-08-28,West,P3,103
34,2023-08-28,Central,P3,67
34,2023-08-28,East,P3,67
34,2023-08-28,West,P4,76
34,2023-08-28,Central,P4,82
34,2023-08-28,East,P4,51
34,2023-08-28,West,P5,178
34,2023-08-28,Central,P5,63
34,2023-08-28,East,P5,204
35,2023-09-04,West,P1,79
35,2023-09-04,Central,P1,40
35,2023-09-04,East,P1,79
35,2023-09-04,West,P2,165
35,2023-09-04,Central,P2,243
35,2023-09-04,East,P2,95
35,2023-09-04,West,P3,106
35,2023-09-04,Central,P3,84
35,2023-09-04,East,P3,72
35,2023-09-04,West,P4,152
35,2023-09-04,Central,P4,69
35,2023-09-04,East,P4,35
35,2023-09-04,West,P5,80
35,2023-09-04,Central,P5,134
35,2023-09-04,East,P5,114
36,2023-09-11,West,P1,89
36,2023-09-11,Central,P1,129
36,2023-09-11,East,P1,43
36,2023-09-11,West,P2,184
36,2023-09-11,Central,P2,167
36,2023-09-11,East,P2,116
36,2023-09-11,West,P3,68
36,2023-09-11,Central,P3,102
36,2023-09-11,East,P3,85
36,2023-09-11,West,P4,91
36,2023-09-11,Central,P4,104
36,2023-09-11,East,P4,20
36,2023-09-11,West,P5,148
36,2023-09-11,Central,P5,118
36,2023-09-11,East,P5,141
37,2023-09-18,West,P1,43
37,2023-09-18,Central,P1,43
37,2023-09-18,East,P1,96
37,2023-09-18,West,P2,221
37,2023-09-18,Central,P2,80
37,2023-09-18,East,P2,240
37,2023-09-18,West,P3,82
37,2023-09-18,Central,P3,47
37,2023-09-18,East,P3,84
37,2023-09-18,West,P4,87
37,2023-09-18,Central,P4,90
37,2023-09-18,East,P4,20
37,2023-09-18,West,P5,172
37,2023-09-18,Central,P5,76
37,2023-09-18,East,P5,102
38,2023-09-25,West,P1,126
38,2023-09-25,Central,P1,56
38,2023-09-25,East,P1,54
38,2023-09-25,West,P2,239
38,2023-09-25,Central,P2,129
38,2023-09-25,East,P2,87
38,2023-09-25,West,P3,145
38,2023-09-25,Central,P3,55
38,2023-09-25,East,P3,48
38,2023-09-25,West,P4,88
38,2023-09-25,Central,P4,69
38,2023-09-25,East,P4,23
38,2023-09-25,West,P5,130
38,2023-09-25,Central,P5,194
38,2023-09-25,East,P5,100
39,2023-10-02,West,P1,64
39,2023-10-02,Central,P1,74
39,2023-10-02,East,P1,98
39,2023-10-02,West,P2,80
39,2023-10-02,Central,P2,167
39,2023-10-02,East,P2,216
39,2023-10-02,West,P3,106
39,2023-10-02,Central,P3,156
39,2023-10-02,East,P3,82
39,2023-10-02,West,P4,36
39,2023-10-02,Central,P4,54
39,2023-10-02,East,P4,84
39,2023-10-02,West,P5,147
39,2023-10-02,Central,P5,69
39,2023-10-02,East,P5,140
40,2023-10-09,West,P1,57
40,2023-10-09,Central,P1,90
40,2023-10-09,East,P1,96
40,2023-10-09,West,P2,96
40,2023-10-09,Central,P2,193
40,2023-10-09,East,P2,65
40,2023-10-09,West,P3,74
40,2023-10-09,Central,P3,63
40,2023-10-09,East,P3,99
40,2023-10-09,West,P4,106
40,2023-10-09,Central,P4,131
40,2023-10-09,East,P4,17
40,2023-10-09,West,P5,161
40,2023-10-09,Central,P5,115
40,2023-10-09,East,P5,63
41,2023-10-16,West,P1,77
41,2023-10-16,Central,P1,55
41,2023-10-16,East,P1,83
41,2023-10-16,West,P2,264
41,2023-10-16,Central,P2,57
41,2023-10-16,East,P2,118
41,2023-10-16,West,P3,158
41,2023-10-16,Central,P3,156
41,2023-10-16,East,P3,45
41,2023-10-16,West,P4,78
41,2023-10-16,Central,P4,84
41,2023-10-16,East,P4,65
41,2023-10-16,West,P5,68
41,2023-10-16,Central,P5,208
41,2023-10-16,East,P5,96
42,2023-10-23,West,P1,83
42,2023-10-23,Central,P1,91
42,2023-10-23,East,P1,37
42,2023-10-23,West,P2,185
42,2023-10-23,Central,P2,192
42,2023-10-23,East,P2,73
42,2023-10-23,West,P3,80
42,2023-10-23,Central,P3,52
42,2023-10-23,East,P3,93
42,2023-10-23,West,P4,21
42,2023-10-23,Central,P4,129
42,2023-10-23,East,P4,41
42,2023-10-23,West,P5,130
42,2023-10-23,Central,P5,74
42,2023-10-23,East,P5,83
43,2023-10-30,West,P1,109
43,2023-10-30,Central,P1,72
43,2023-10-30,East,P1,37
43,2023-10-30,West,P2,220
43,2023-10-30,Central,P2,64
43,2023-10-30,East,P2,117
43,2023-10-30,West,P3,117
43,2023-10-30,Central,P3,81
43,2023-10-30,East,P3,93
43,2023-10-30,West,P4,109
43,2023-10-30,Central,P4,84
43,2023-10-30,East,P4,31
43,2023-10-30,West,P5,174
43,2023-10-30,Central,P5,84
43,2023-10-30,East,P5,71
44,2023-11-06,West,P1,91
44,2023-11-06,Central,P1,89
44,2023-11-06,East,P1,55
44,2023-11-06,West,P2,166
44,2023-11-06,Central,P2,115
44,2023-11-06,East,P2,92
44,2023-11-06,West,P3,148
44,2023-11-06,Central,P3,76
44,2023-11-06,East,P3,76
44,2023-11-06,West,P4,58
44,2023-11-06,Central,P4,85
44,2023-11-06,East,P4,59
44,2023-11-06,West,P5,204
44,2023-11-06,Central,P5,104
44,2023-11-06,East,P5,68
45,2023-11-13,West,P1,90
45,2023-11-13,Central,P1,100
45,2023-11-13,East,P1,48
45,2023-11-13,West,P2,56
45,2023-11-13,Central,P2,209
45,2023-11-13,East,P2,159
45,2023-11-13,West,P3,40
45,2023-11-13,Central,P3,93
45,2023-11-13,East,P3,143
45,2023-11-13,West,P4,72
45,2023-11-13,Central,P4,115
45,2023-11-13,East,P4,73
45,2023-11-13,West,P5,125
45,2023-11-13,Central,P5,143
45,2023-11-13,East,P5,131
46,2023-11-20,West,P1,127
46,2023-11-20,Central,P1,56
46,2023-11-20,East,P1,108
46,2023-11-20,West,P2,187
46,2023-11-20,Central,P2,86
46,2023-11-20,East,P2,160
46,2023-11-20,West,P3,84
46,2023-11-20,Central,P3,62
46,2023-11-20,East,P3,66
46,2023-11-20,West,P4,104
46,2023-11-20,Central,P4,78
46,2023-11-20,East,P4,86
46,2023-11-20,West,P5,83
46,2023-11-20,Central,P5,65
46,2023-11-20,East,P5,90
47,2023-11-27,West,P1,121
47,2023-11-27,Central,P1,90
47,2023-11-27,East,P1,67
47,2023-11-27,West,P2,108
47,2023-11-27,Central,P2,156
47,2023-11-27,East,P2,100
47,2023-11-27,West,P3,63
47,2023-11-27,Central,P3,79
47,2023-11-27,East,P3,72
47,2023-11-27,West,P4,115
47,2023-11-27,Central,P4,30
47,2023-11-27,East,P4,61
47,2023-11-27,West,P5,123
47,2023-11-27,Central,P5,92
47,2023-11-27,East,P5,69
48,2023-12-04,West,P1,121
48,2023-12-04,Central,P1,60
48,2023-12-04,East,P1,122
48,2023-12-04,West,P2,206
48,2023-12-04,Central,P2,74
48,2023-12-04,East,P2,207
48,2023-12-04,West,P3,128
48,2023-12-04,Central,P3,41
48,2023-12-04,East,P3,129
48,2023-12-04,West,P4,135
48,2023-12-04,Central,P4,96
48,2023-12-04,East,P4,77
48,2023-12-04,West,P5,63
48,2023-12-04,Central,P5,144
48,2023-12-04,East,P5,188
49,2023-12-11,West,P1,125
49,2023-12-11,Central,P1,79
49,2023-12-11,East,P1,58
49,2023-12-11,West,P2,103
49,2023-12-11,Central,P2,121
49,2023-12-11,East,P2,150
49,2023-12-11,West,P3,84
49,2023-12-11,Central,P3,86
49,2023-12-11,East,P3,68
49,2023-12-11,West,P4,88
49,2023-12-11,Central,P4,137
49,2023-12-11,East,P4,65
49,2023-12-11,West,P5,134
49,2023-12-11,Central,P5,92
49,2023-12-11,East,P5,131
50,2023-12-18,West,P1,128
50,2023-12-18,Central,P1,68
50,2023-12-18,East,P1,84
50,2023-12-18,West,P2,162
50,2023-12-18,Central,P2,84
50,2023-12-18,East,P2,158
50,2023-12-18,West,P3,34
50,2023-12-18,Central,P3,215
50,2023-12-18,East,P3,140
50,2023-12-18,West,P4,81
50,2023-12-18,Central,P4,63
50,2023-12-18,East,P4,69
50,2023-12-18,West,P5,182
50,2023-12-18,Central,P5,81
50,2023-12-18,East,P5,67
51,2023-12-25,West,P1,52
51,2023-12-25,Central,P1,81
51,2023-12-25,East,P1,50
51,2023-12-25,West,P2,136
51,2023-12-25,Central,P2,309
51,2023-12-25,East,P2,198
51,2023-12-25,West,P3,69
51,2023-12-25,Central,P3,129
51,2023-12-25,East,P3,63
51,2023-12-25,West,P4,97
51,2023-12-25,Central,P4,63
51,2023-12-25,East,P4,68
51,2023-12-25,West,P5,167
51,2023-12-25,Central,P5,48
51,2023-12-25,East,P5,122
52,2024-01-01,West,P1,66
52,2024-01-01,Central,P1,53
52,2024-01-01,East,P1,239
52,2024-01-01,West,P2,225
52,2024-01-01,Central,P2,295
52,2024-01-01,East,P2,116
52,2024-01-01,West,P3,133
52,2024-01-01,Central,P3,37
52,2024-01-01,East,P3,69
52,2024-01-01,West,P4,94
52,2024-01-01,Central,P4,49
52,2024-01-01,East,P4,87
52,2024-01-01,West,P5,90
52,2024-01-01,Central,P5,128
52,2024-01-01,East,P5,97
53,2024-01-08,West,P1,106
53,2024-01-08,Central,P1,57
53,2024-01-08,East,P1,60
53,2024-01-08,West,P2,230
53,2024-01-08,Central,P2,63
53,2024-01-08,East,P2,134
53,2024-01-08,West,P3,143
53,2024-01-08,Central,P3,71
53,2024-01-08,East,P3,130
53,2024-01-08,West,P4,83
53,2024-01-08,Central,P4,54
53,2024-01-08,East,P4,119
53,2024-01-08,West,P5,191
53,2024-01-08,Central,P5,129
53,2024-01-08,East,P5,172
54,2024-01-15,West,P1,104
54,2024-01-15,Central,P1,85
54,2024-01-15,East,P1,111
54,2024-01-15,West,P2,167
54,2024-01-15,Central,P2,165
54,2024-01-15,East,P2,118
54,2024-01-15,West,P3,152
54,2024-01-15,Central,P3,55
54,2024-01-15,East,P3,70
54,2024-01-15,West,P4,136
54,2024-01-15,Central,P4,75
54,2024-01-15,East,P4,85
54,2024-01-15,West,P5,255
54,2024-01-15,Central,P5,131
54,2024-01-15,East,P5,148
55,2024-01-22,West,P1,94
55,2024-01-22,Central,P1,134
55,2024-01-22,East,P1,65
55,2024-01-22,West,P2,60
55,2024-01-22,Central,P2,110
55,2024-01-22,East,P2,227
55,2024-01-22,West,P3,46
55,2024-01-22,Central,P3,99
55,2024-01-22,East,P3,70
55,2024-01-22,West,P4,155
55,2024-01-22,Central,P4,68
55,2024-01-22,East,P4,127
55,2024-01-22,West,P5,184
55,2024-01-22,Central,P5,105
55,2024-01-22,East,P5,206
56,2024-01-29,West,P1,110
56,2024-01-29,Central,P1,47
56,2024-01-29,East,P1,128
56,2024-01-29,West,P2,226
56,2024-01-29,Central,P2,77
56,2024-01-29,East,P2,154
56,2024-01-29,West,P3,260
56,2024-01-29,Central,P3,56
56,2024-01-29,East,P3,68
56,2024-01-29,West,P4,66
56,2024-01-29,Central,P4,88
56,2024-01-29,East,P4,161
56,2024-01-29,West,P5,122
56,2024-01-29,Central,P5,161
56,2024-01-29,East,P5,93
57,2024-02-05,West,P1,135
57,2024-02-05,Central,P1,67
57,2024-02-05,East,P1,71
57,2024-02-05,West,P2,269
57,2024-02-05,Central,P2,81
57,2024-02-05,East,P2,210
57,2024-02-05,West,P3,135
57,2024-02-05,Central,P3,162
57,2024-02-05,East,P3,95
57,2024-02-05,West,P4,148
57,2024-02-05,Central,P4,84
57,2024-02-05,East,P4,66
57,2024-02-05,West,P5,237
57,2024-02-05,Central,P5,153
57,2024-02-05,East,P5,122
58,2024-02-12,West,P1,104
58,2024-02-12,Central,P1,96
58,2024-02-12,East,P1,119
58,2024-02-12,West,P2,145
58,2024-02-12,Central,P2,119
58,2024-02-12,East,P2,226
58,2024-02-12,West,P3,104
58,2024-02-12,Central,P3,74
58,2024-02-12,East,P3,107
58,2024-02-12,West,P4,78
58,2024-02-12,Central,P4,125
58,2024-02-12,East,P4,26
58,2024-02-12,West,P5,76
58,2024-02-12,Central,P5,113
58,2024-02-12,East,P5,216
59,2024-02-19,West,P1,112
59,2024-02-19,Central,P1,128
59,2024-02-19,East,P1,61
59,2024-02-19,West,P2,166
59,2024-02-19,Central,P2,155
59,2024-02-19,East,P2,197
59,2024-02-19,West,P3,163
59,2024-02-19,Central,P3,101
59,2024-02-19,East,P3,106
59,2024-02-19,West,P4,96
59,2024-02-19,Central,P4,63
59,2024-02-19,East,P4,120
59,2024-02-19,West,P5,61
59,2024-02-19,Central,P5,157
59,2024-02-19,East,P5,179
60,2024-02-26,West,P1,155
60,2024-02-26,Central,P1,78
60,2024-02-26,East,P1,78
60,2024-02-26,West,P2,191
60,2024-02-26,Central,P2,248
60,2024-02-26,East,P2,117
60,2024-02-26,West,P3,94
60,2024-02-26,Central,P3,52
60,2024-02-26,East,P3,94
60,2024-02-26,West,P4,48
60,2024-02-26,Central,P4,139
60,2024-02-26,East,P4,62
60,2024-02-26,West,P5,120
60,2024-02-26,Central,P5,171
60,2024-02-26,East,P5,173
61,2024-03-04,West,P1,119
61,2024-03-04,Central,P1,68
61,2024-03-04,East,P1,94
61,2024-03-04,West,P2,220
61,2024-03-04,Central,P2,54
61,2024-03-04,East,P2,174
61,2024-03-04,West,P3,115
61,2024-03-04,Central,P3,38
61,2024-03-04,East,P3,62
61,2024-03-04,West,P4,31
61,2024-03-04,Central,P4,98
61,2024-03-04,East,P4,71
61,2024-03-04,West,P5,208
61,2024-03-04,Central,P5,60
61,2024-03-04,East,P5,76
62,2024-03-11,West,P1,84
62,2024-03-11,Central,P1,100
62,2024-03-11,East,P1,166
62,2024-03-11,West,P2,188
62,2024-03-11,Central,P2,183
62,2024-03-11,East,P2,111
62,2024-03-11,West,P3,70
62,2024-03-11,Central,P3,136
62,2024-03-11,East,P3,146
62,2024-03-11,West,P4,83
62,2024-03-11,Central,P4,150
62,2024-03-11,East,P4,58
62,2024-03-11,West,P5,275
62,2024-03-11,Central,P5,107
62,2024-03-11,East,P5,194
63,2024-03-18,West,P1,101
63,2024-03-18,Central,P1,45
63,2024-03-18,East,P1,116
63,2024-03-18,West,P2,162
63,2024-03-18,Central,P2,160
63,2024-03-18,East,P2,141
63,2024-03-18,West,P3,69
63,2024-03-18,Central,P3,138
63,2024-03-18,East,P3,73
63,2024-03-18,West,P4,145
63,2024-03-18,Central,P4,14
63,2024-03-18,East,P4,153
63,2024-03-18,West,P5,87
63,2024-03-18,Central,P5,178
63,2024-03-18,East,P5,208
64,2024-03-25,West,P1,105
64,2024-03-25,Central,P1,77
64,2024-03-25,East,P1,90
64,2024-03-25,West,P2,292
64,2024-03-25,Central,P2,101
64,2024-03-25,East,P2,57
64,2024-03-25,West,P3,59
64,2024-03-25,Central,P3,55
64,2024-03-25,East,P3,101
64,2024-03-25,West,P4,112
64,2024-03-25,Central,P4,67
64,2024-03-25,East,P4,86
64,2024-03-25,West,P5,290
64,2024-03-25,Central,P5,171
64,2024-03-25,East,P5,53
65,2024-04-01,West,P1,86
65,2024-04-01,Central,P1,104
65,2024-04-01,East,P1,127
65,2024-04-01,West,P2,82
65,2024-04-01,Central,P2,175
65,2024-04-01,East,P2,165
65,2024-04-01,West,P3,126
65,2024-04-01,Central,P3,82
65,2024-04-01,East,P3,117
65,2024-04-01,West,P4,77
65,2024-04-01,Central,P4,94
65,2024-04-01,East,P4,118
65,2024-04-01,West,P5,199
65,2024-04-01,Central,P5,98
65,2024-04-01,East,P5,183
66,2024-04-08,West,P1,133
66,2024-04-08,Central,P1,69
66,2024-04-08,East,P1,155
66,2024-04-08,West,P2,183
66,2024-04-08,Central,P2,146
66,2024-04-08,East,P2,155
66,2024-04-08,West,P3,68
66,2024-04-08,Central,P3,71
66,2024-04-08,East,P3,165
66,2024-04-08,West,P4,86
66,2024-04-08,Central,P4,103
66,2024-04-08,East,P4,77
66,2024-04-08,West,P5,235
66,2024-04-08,Central,P5,121
66,2024-04-08,East,P5,94
67,2024-04-15,West,P1,118
67,2024-04-15,Central,P1,86
67,2024-04-15,East,P1,93
67,2024-04-15,West,P2,290
67,2024-04-15,Central,P2,124
67,2024-04-15,East,P2,77
67,2024-04-15,West,P3,130
67,2024-04-15,Central,P3,81
67,2024-04-15,East,P3,115
67,2024-04-15,West,P4,136
67,2024-04-15,Central,P4,86
67,2024-04-15,East,P4,83
67,2024-04-15,West,P5,274
67,2024-04-15,Central,P5,225
67,2024-04-15,East,P5,58
68,2024-04-22,West,P1,145
68,2024-04-22,Central,P1,86
68,2024-04-22,East,P1,50
68,2024-04-22,West,P2,284
68,2024-04-22,Central,P2,155
68,2024-04-22,East,P2,100
68,2024-04-22,West,P3,53
68,2024-04-22,Central,P3,190
68,2024-04-22,East,P3,152
68,2024-04-22,West,P4,158
68,2024-04-22,Central,P4,162
68,2024-04-22,East,P4,86
68,2024-04-22,West,P5,220
68,2024-04-22,Central,P5,129
68,2024-04-22,East,P5,177
69,2024-04-29,West,P1,132
69,2024-04-29,Central,P1,48
69,2024-04-29,East,P1,158
69,2024-04-29,West,P2,234
69,2024-04-29,Central,P2,193
69,2024-04-29,East,P2,126
69,2024-04-29,West,P3,48
69,2024-04-29,Central,P3,70
69,2024-04-29,East,P3,198
69,2024-04-29,West,P4,88
69,2024-04-29,Central,P4,107
69,2024-04-29,East,P4,40
69,2024-04-29,West,P5,65
69,2024-04-29,Central,P5,255
69,2024-04-29,East,P5,90
70,2024-05-06,West,P1,151
70,2024-05-06,Central,P1,62
70,2024-05-06,East,P1,131
70,2024-05-06,West,P2,263
70,2024-05-06,Central,P2,110
70,2024-05-06,East,P2,276
70,2024-05-06,West,P3,83
70,2024-05-06,Central,P3,96
70,2024-05-06,East,P3,92
70,2024-05-06,West,P4,47
70,2024-05-06,Central,P4,131
70,2024-05-06,East,P4,48
70,2024-05-06,West,P5,118
70,2024-05-06,Central,P5,213
70,2024-05-06,East,P5,98
71,2024-05-13,West,P1,109
71,2024-05-13,Central,P1,124
71,2024-05-13,East,P1,71
71,2024-05-13,West,P2,117
71,2024-05-13,Central,P2,182
71,2024-05-13,East,P2,224
71,2024-05-13,West,P3,78
71,2024-05-13,Central,P3,47
71,2024-05-13,East,P3,159
71,2024-05-13,West,P4,81
71,2024-05-13,Central,P4,57
71,2024-05-13,East,P4,137
71,2024-05-13,West,P5,203
71,2024-05-13,Central,P5,105
71,2024-05-13,East,P5,75
72,2024-05-20,West,P1,123
72,2024-05-20,Central,P1,118
72,2024-05-20,East,P1,67
72,2024-05-20,West,P2,136
72,2024-05-20,Central,P2,93
72,2024-05-20,East,P2,186
72,2024-05-20,West,P3,68
72,2024-05-20,Central,P3,91
72,2024-05-20,East,P3,114
72,2024-05-20,West,P4,47
72,2024-05-20,Central,P4,143
72,2024-05-20,East,P4,95
72,2024-05-20,West,P5,90
72,2024-05-20,Central,P5,83
72,2024-05-20,East,P5,271
73,2024-05-27,West,P1,111
73,2024-05-27,Central,P1,29
73,2024-05-27,East,P1,53
73,2024-05-27,West,P2,208
73,2024-05-27,Central,P2,63
73,2024-05-27,East,P2,245
73,2024-05-27,West,P3,97
73,2024-05-27,Central,P3,44
73,2024-05-27,East,P3,136
73,2024-05-27,West,P4,118
73,2024-05-27,Central,P4,140
73,2024-05-27,East,P4,102
73,2024-05-27,West,P5,165
73,2024-05-27,Central,P5,89
73,2024-05-27,East,P5,79
74,2024-06-03,West,P1,52
74,2024-06-03,Central,P1,102
74,2024-06-03,East,P1,116
74,2024-06-03,West,P2,263
74,2024-06-03,Central,P2,148
74,2024-06-03,East,P2,119
74,2024-06-03,West,P3,107
74,2024-06-03,Central,P3,101
74,2024-06-03,East,P3,92
74,2024-06-03,West,P4,103
74,2024-06-03,Central,P4,74
74,2024-06-03,East,P4,52
74,2024-06-03,West,P5,291
74,2024-06-03,Central,P5,117
74,2024-06-03,East,P5,63
75,2024-06-10,West,P1,111
75,2024-06-10,Central,P1,75
75,2024-06-10,East,P1,124
75,2024-06-10,West,P2,179
75,2024-06-10,Central,P2,180
75,2024-06-10,East,P2,64
75,2024-06-10,West,P3,75
75,2024-06-10,Central,P3,122
75,2024-06-10,East,P3,173
75,2024-06-10,West,P4,109
75,2024-06-10,Central,P4,64
75,2024-06-10,East,P4,51
75,2024-06-10,West,P5,165
75,2024-06-10,Central,P5,95
75,2024-06-10,East,P5,244
76,2024-06-17,West,P1,84
76,2024-06-17,Central,P1,75
76,2024-06-17,East,P1,138
76,2024-06-17,West,P2,301
76,2024-06-17,Central,P2,100
76,2024-06-17,East,P2,119
76,2024-06-17,West,P3,89
76,2024-06-17,Central,P3,75
76,2024-06-17,East,P3,35
76,2024-06-17,West,P4,140
76,2024-06-17,Central,P4,52
76,2024-06-17,East,P4,124
76,2024-06-17,West,P5,148
76,2024-06-17,Central,P5,66
76,2024-06-17,East,P5,149
77,2024-06-24,West,P1,87
77,2024-06-24,Central,P1,119
77,2024-06-24,East,P1,60
77,2024-06-24,West,P2,219
77,2024-06-24,Central,P2,254
77,2024-06-24,East,P2,100
77,2024-06-24,West,P3,54
77,2024-06-24,Central,P3,35
77,2024-06-24,East,P3,85
77,2024-06-24,West,P4,127
77,2024-06-24,Central,P4,57
77,2024-06-24,East,P4,84
77,2024-06-24,West,P5,150
77,2024-06-24,Central,P5,174
77,2024-06-24,East,P5,114
78,2024-07-01,West,P1,100
78,2024-07-01,Central,P1,127
78,2024-07-01,East,P1,50
78,2024-07-01,West,P2,225
78,2024-07-01,Central,P2,135
78,2024-07-01,East,P2,207
78,2024-07-01,West,P3,128
78,2024-07-01,Central,P3,98
78,2024-07-01,East,P3,85
78,2024-07-01,West,P4,90
78,2024-07-01,Central,P4,134
78,2024-07-01,East,P4,46
78,2024-07-01,West,P5,167
78,2024-07-01,Central,P5,205
78,2024-07-01,East,P5,41
79,2024-07-08,West,P1,135
79,2024-07-08,Central,P1,98
79,2024-07-08,East,P1,54
79,2024-07-08,West,P2,117
79,2024-07-08,Central,P2,106
79,2024-07-08,East,P2,249
79,2024-07-08,West,P3,97
79,2024-07-08,Central,P3,85
79,2024-07-08,East,P3,53
79,2024-07-08,West,P4,126
79,2024-07-08,Central,P4,73
79,2024-07-08,East,P4,136
79,2024-07-08,West,P5,192
79,2024-07-08,Central,P5,125
79,2024-07-08,East,P5,192
80,2024-07-15,West,P1,145
80,2024-07-15,Central,P1,87
80,2024-07-15,East,P1,70
80,2024-07-15,West,P2,157
80,2024-07-15,Central,P2,138
80,2024-07-15,East,P2,180
80,2024-07-15,West,P3,104
80,2024-07-15,Central,P3,68
80,2024-07-15,East,P3,87
80,2024-07-15,West,P4,138
80,2024-07-15,Central,P4,99
80,2024-07-15,East,P4,74
80,2024-07-15,West,P5,82
80,2024-07-15,Central,P5,116
80,2024-07-15,East,P5,153
81,2024-07-22,West,P1,106
81,2024-07-22,Central,P1,73
81,2024-07-22,East,P1,76
81,2024-07-22,West,P2,209
81,2024-07-22,Central,P2,234
81,2024-07-22,East,P2,104
81,2024-07-22,West,P3,67
81,2024-07-22,Central,P3,76
81,2024-07-22,East,P3,112
81,2024-07-22,West,P4,25
81,2024-07-22,Central,P4,96
81,2024-07-22,East,P4,84
81,2024-07-22,West,P5,83
81,2024-07-22,Central,P5,180
81,2024-07-22,East,P5,56
82,2024-07-29,West,P1,32
82,2024-07-29,Central,P1,107
82,2024-07-29,East,P1,96
82,2024-07-29,West,P2,249
82,2024-07-29,Central,P2,73
82,2024-07-29,East,P2,131
82,2024-07-29,West,P3,91
82,2024-07-29,Central,P3,81
82,2024-07-29,East,P3,37
82,2024-07-29,West,P4,83
82,2024-07-29,Central,P4,49
82,2024-07-29,East,P4,132
82,2024-07-29,West,P5,166
82,2024-07-29,Central,P5,51
82,2024-07-29,East,P5,193
83,2024-08-05,West,P1,58
83,2024-08-05,Central,P1,86
83,2024-08-05,East,P1,72
83,2024-08-05,West,P2,175
83,2024-08-05,Central,P2,64
83,2024-08-05,East,P2,244
83,2024-08-05,West,P3,46
83,2024-08-05,Central,P3,59
83,2024-08-05,East,P3,162
83,2024-08-05,West,P4,66
83,2024-08-05,Central,P4,50
83,2024-08-05,East,P4,108
83,2024-08-05,West,P5,142
83,2024-08-05,Central,P5,99
83,2024-08-05,East,P5,100
84,2024-08-12,West,P1,66
84,2024-08-12,Central,P1,137
84,2024-08-12,East,P1,34
84,2024-08-12,West,P2,138
84,2024-08-12,Central,P2,72
84,2024-08-12,East,P2,118
84,2024-08-12,West,P3,67
84,2024-08-12,Central,P3,93
84,2024-08-12,East,P3,50
84,2024-08-12,West,P4,151
84,2024-08-12,Central,P4,74
84,2024-08-12,East,P4,107
84,2024-08-12,West,P5,197
84,2024-08-12,Central,P5,88
84,2024-08-12,East,P5,87
85,2024-08-19,West,P1,140
85,2024-08-19,Central,P1,69
85,2024-08-19,East,P1,31
85,2024-08-19,West,P2,305
85,2024-08-19,Central,P2,180
85,2024-08-19,East,P2,76
85,2024-08-19,West,P3,67
85,2024-08-19,Central,P3,65
85,2024-08-19,East,P3,84
85,2024-08-19,West,P4,113
85,2024-08-19,Central,P4,70
85,2024-08-19,East,P4,73
85,2024-08-19,West,P5,136
85,2024-08-19,Central,P5,136
85,2024-08-19,East,P5,106
86,2024-08-26,West,P1,70
86,2024-08-26,Central,P1,167
86,2024-08-26,East,P1,83
86,2024-08-26,West,P2,154
86,2024-08-26,Central,P2,169
86,2024-08-26,East,P2,72
86,2024-08-26,West,P3,52
86,2024-08-26,Central,P3,56
86,2024-08-26,East,P3,150
86,2024-08-26,West,P4,38
86,2024-08-26,Central,P4,44
86,2024-08-26,East,P4,94
86,2024-08-26,West,P5,122
86,2024-08-26,Central,P5,39
86,2024-08-26,East,P5,65
87,2024-09-02,West,P1,118
87,2024-09-02,Central,P1,125
87,2024-09-02,East,P1,49
87,2024-09-02,West,P2,165
87,2024-09-02,Central,P2,220
87,2024-09-02,East,P2,88
87,2024-09-02,West,P3,130
87,2024-09-02,Central,P3,71
87,2024-09-02,East,P3,79
87,2024-09-02,West,P4,120
87,2024-09-02,Central,P4,49
87,2024-09-02,East,P4,93
87,2024-09-02,West,P5,115
87,2024-09-02,Central,P5,151
87,2024-09-02,East,P5,77
88,2024-09-09,West,P1,39
88,2024-09-09,Central,P1,86
88,2024-09-09,East,P1,92
88,2024-09-09,West,P2,139
88,2024-09-09,Central,P2,191
88,2024-09-09,East,P2,83
88,2024-09-09,West,P3,84
88,2024-09-09,Central,P3,80
88,2024-09-09,East,P3,112
88,2024-09-09,West,P4,97
88,2024-09-09,Central,P4,97
88,2024-09-09,East,P4,38
88,2024-09-09,West,P5,219
88,2024-09-09,Central,P5,129
88,2024-09-09,East,P5,52
89,2024-09-16,West,P1,137
89,2024-09-16,Central,P1,58
89,2024-09-16,East,P1,51
89,2024-09-16,West,P2,118
89,2024-09-16,Central,P2,89
89,2024-09-16,East,P2,115
89,2024-09-16,West,P3,102
89,2024-09-16,Central,P3,55
89,2024-09-16,East,P3,112
89,2024-09-16,West,P4,62
89,2024-09-16,Central,P4,120
89,2024-09-16,East,P4,108
89,2024-09-16,West,P5,107
89,2024-09-16,Central,P5,114
89,2024-09-16,East,P5,176
90,2024-09-23,West,P1,73
90,2024-09-23,Central,P1,83
90,2024-09-23,East,P1,41
90,2024-09-23,West,P2,122
90,2024-09-23,Central,P2,175
90,2024-09-23,East,P2,122
90,2024-09-23,West,P3,141
90,2024-09-23,Central,P3,45
90,2024-09-23,East,P3,62
90,2024-09-23,West,P4,109
90,2024-09-23,Central,P4,61
90,2024-09-23,East,P4,59
90,2024-09-23,West,P5,271
90,2024-09-23,Central,P5,80
90,2024-09-23,East,P5,73
91,2024-09-30,West,P1,82
91,2024-09-30,Central,P1,46
91,2024-09-30,East,P1,21
91,2024-09-30,West,P2,84
91,2024-09-30,Central,P2,121
91,2024-09-30,East,P2,151
91,2024-09-30,West,P3,120
91,2024-09-30,Central,P3,43
91,2024-09-30,East,P3,89
91,2024-09-30,West,P4,87
91,2024-09-30,Central,P4,68
91,2024-09-30,East,P4,47
91,2024-09-30,West,P5,152
91,2024-09-30,Central,P5,60
91,2024-09-30,East,P5,76
92,2024-10-07,West,P1,89
92,2024-10-07,Central,P1,101
92,2024-10-07,East,P1,95
92,2024-10-07,West,P2,72
92,2024-10-07,Central,P2,190
92,2024-10-07,East,P2,80
92,2024-10-07,West,P3,116
92,2024-10-07,Central,P3,47
92,2024-10-07,East,P3,85
92,2024-10-07,West,P4,75
92,2024-10-07,Central,P4,27
92,2024-10-07,East,P4,151
92,2024-10-07,West,P5,90
92,2024-10-07,Central,P5,144
92,2024-10-07,East,P5,76
93,2024-10-14,West,P1,89
93,2024-10-14,Central,P1,87
93,2024-10-14,East,P1,75
93,2024-10-14,West,P2,106
93,2024-10-14,Central,P2,136
93,2024-10-14,East,P2,185
93,2024-10-14,West,P3,118
93,2024-10-14,Central,P3,32
93,2024-10-14,East,P3,100
93,2024-10-14,West,P4,80
93,2024-10-14,Central,P4,76
93,2024-10-14,East,P4,64
93,2024-10-14,West,P5,122
93,2024-10-14,Central,P5,98
93,2024-10-14,East,P5,113
94,2024-10-21,West,P1,99
94,2024-10-21,Central,P1,34
94,2024-10-21,East,P1,76
94,2024-10-21,West,P2,214
94,2024-10-21,Central,P2,132
94,2024-10-21,East,P2,72
94,2024-10-21,West,P3,69
94,2024-10-21,Central,P3,55
94,2024-10-21,East,P3,86
94,2024-10-21,West,P4,68
94,2024-10-21,Central,P4,76
94,2024-10-21,East,P4,91
94,2024-10-21,West,P5,117
94,2024-10-21,Central,P5,142
94,2024-10-21,East,P5,80
95,2024-10-28,West,P1,113
95,2024-10-28,Central,P1,48
95,2024-10-28,East,P1,25
95,2024-10-28,West,P2,209
95,2024-10-28,Central,P2,69
95,2024-10-28,East,P2,234
95,2024-10-28,West,P3,101
95,2024-10-28,Central,P3,61
95,2024-10-28,East,P3,63
95,2024-10-28,West,P4,103
95,2024-10-28,Central,P4,67
95,2024-10-28,East,P4,64
95,2024-10-28,West,P5,86
95,2024-10-28,Central,P5,70
95,2024-10-28,East,P5,85
96,2024-11-04,West,P1,96
96,2024-11-04,Central,P1,51
96,2024-11-04,East,P1,66
96,2024-11-04,West,P2,254
96,2024-11-04,Central,P2,34
96,2024-11-04,East,P2,240
96,2024-11-04,West,P3,77
96,2024-11-04,Central,P3,73
96,2024-11-04,East,P3,112
96,2024-11-04,West,P4,102
96,2024-11-04,Central,P4,61
96,2024-11-04,East,P4,44
96,2024-11-04,West,P5,146
96,2024-11-04,Central,P5,158
96,2024-11-04,East,P5,48
97,2024-11-11,West,P1,61
97,2024-11-11,Central,P1,80
97,2024-11-11,East,P1,44
97,2024-11-11,West,P2,205
97,2024-11-11,Central,P2,80
97,2024-11-11,East,P2,158
97,2024-11-11,West,P3,104
97,2024-11-11,Central,P3,60
97,2024-11-11,East,P3,61
97,2024-11-11,West,P4,93
97,2024-11-11,Central,P4,76
97,2024-11-11,East,P4,47
97,2024-11-11,West,P5,123
97,2024-11-11,Central,P5,20
97,2024-11-11,East,P5,184
98,2024-11-18,West,P1,152
98,2024-11-18,Central,P1,64
98,2024-11-18,East,P1,68
98,2024-11-18,West,P2,163
98,2024-11-18,Central,P2,137
98,2024-11-18,East,P2,107
98,2024-11-18,West,P3,162
98,2024-11-18,Central,P3,39
98,2024-11-18,East,P3,78
98,2024-11-18,West,P4,88
98,2024-11-18,Central,P4,157
98,2024-11-18,East,P4,155
98,2024-11-18,West,P5,140
98,2024-11-18,Central,P5,65
98,2024-11-18,East,P5,220
99,2024-11-25,West,P1,94
99,2024-11-25,Central,P1,137
99,2024-11-25,East,P1,53
99,2024-11-25,West,P2,163
99,2024-11-25,Central,P2,73
99,2024-11-25,East,P2,127
99,2024-11-25,West,P3,87
99,2024-11-25,Central,P3,53
99,2024-11-25,East,P3,67
99,2024-11-25,West,P4,155
99,2024-11-25,Central,P4,51
99,2024-11-25,East,P4,31
99,2024-11-25,West,P5,82
99,2024-11-25,Central,P5,154
99,2024-11-25,East,P5,27
100,2024-12-02,West,P1,116
100,2024-12-02,Central,P1,53
100,2024-12-02,East,P1,57
100,2024-12-02,West,P2,152
100,2024-12-02,Central,P2,99
100,2024-12-02,East,P2,55
100,2024-12-02,West,P3,134
100,2024-12-02,Central,P3,76
100,2024-12-02,East,P3,43
100,2024-12-02,West,P4,131
100,2024-12-02,Central,P4,104
100,2024-12-02,East,P4,54
100,2024-12-02,West,P5,168
100,2024-12-02,Central,P5,108
100,2024-12-02,East,P5,258
101,2024-12-09,West,P1,59
101,2024-12-09,Central,P1,101
101,2024-12-09,East,P1,87
101,2024-12-09,West,P2,221
101,2024-12-09,Central,P2,36
101,2024-12-09,East,P2,163
101,2024-12-09,West,P3,102
101,2024-12-09,Central,P3,77
101,2024-12-09,East,P3,88
101,2024-12-09,West,P4,66
101,2024-12-09,Central,P4,137
101,2024-12-09,East,P4,104
101,2024-12-09,West,P5,135
101,2024-12-09,Central,P5,130
101,2024-12-09,East,P5,159
102,2024-12-16,West,P1,92
102,2024-12-16,Central,P1,35
102,2024-12-16,East,P1,119
102,2024-12-16,West,P2,119
102,2024-12-16,Central,P2,155
102,2024-12-16,East,P2,102
102,2024-12-16,West,P3,34
102,2024-12-16,Central,P3,91
102,2024-12-16,East,P3,117
102,2024-12-16,West,P4,160
102,2024-12-16,Central,P4,26
102,2024-12-16,East,P4,79
102,2024-12-16,West,P5,175
102,2024-12-16,Central,P5,145
102,2024-12-16,East,P5,178
103,2024-12-23,West,P1,70
103,2024-12-23,Central,P1,98
103,2024-12-23,East,P1,124
103,2024-12-23,West,P2,247
103,2024-12-23,Central,P2,223
103,2024-12-23,East,P2,93
103,2024-12-23,West,P3,61
103,2024-12-23,Central,P3,117
103,2024-12-23,East,P3,98
103,2024-12-23,West,P4,182
103,2024-12-23,Central,P4,108
103,2024-12-23,East,P4,72
103,2024-12-23,West,P5,120
103,2024-12-23,Central,P5,61
103,2024-12-23,East,P5,156
104,2024-12-30,West,P1,104
104,2024-12-30,Central,P1,57
104,2024-12-30,East,P1,118
104,2024-12-30,West,P2,229
104,2024-12-30,Central,P2,211
104,2024-12-30,East,P2,46
104,2024-12-30,West,P3,101
104,2024-12-30,Central,P3,35
104,2024-12-30,East,P3,56
104,2024-12-30,West,P4,87
104,2024-12-30,Central,P4,78
104,2024-12-30,East,P4,71
104,2024-12-30,West,P5,282
104,2024-12-30,Central,P5,24
104,2024-12-30,East,P5,55
105,2025-01-06,West,P1,95
105,2025-01-06,Central,P1,54
105,2025-01-06,East,P1,102
105,2025-01-06,West,P2,99
105,2025-01-06,Central,P2,227
105,2025-01-06,East,P2,188
105,2025-01-06,West,P3,112
105,2025-01-06,Central,P3,62
105,2025-01-06,East,P3,62
105,2025-01-06,West,P4,102
105,2025-01-06,Central,P4,76
105,2025-01-06,East,P4,118
105,2025-01-06,West,P5,318
105,2025-01-06,Central,P5,117
105,2025-01-06,East,P5,12
106,2025-01-13,West,P1,56
106,2025-01-13,Central,P1,37
106,2025-01-13,East,P1,126
106,2025-01-13,West,P2,140
106,2025-01-13,Central,P2,139
106,2025-01-13,East,P2,321
106,2025-01-13,West,P3,166
106,2025-01-13,Central,P3,49
106,2025-01-13,East,P3,107
106,2025-01-13,West,P4,132
106,2025-01-13,Central,P4,98
106,2025-01-13,East,P4,45
106,2025-01-13,West,P5,170
106,2025-01-13,Central,P5,188
106,2025-01-13,East,P5,47
107,2025-01-20,West,P1,101
107,2025-01-20,Central,P1,51
107,2025-01-20,East,P1,66
107,2025-01-20,West,P2,185
107,2025-01-20,Central,P2,147
107,2025-01-20,East,P2,138
107,2025-01-20,West,P3,126
107,2025-01-20,Central,P3,59
107,2025-01-20,East,P3,138
107,2025-01-20,West,P4,74
107,2025-01-20,Central,P4,88
107,2025-01-20,East,P4,114
107,2025-01-20,West,P5,192
107,2025-01-20,Central,P5,131
107,2025-01-20,East,P5,282
108,2025-01-27,West,P1,39
108,2025-01-27,Central,P1,230
108,2025-01-27,East,P1,42
108,2025-01-27,West,P2,122
108,2025-01-27,Central,P2,114
108,2025-01-27,East,P2,119
108,2025-01-27,West,P3,143
108,2025-01-27,Central,P3,39
108,2025-01-27,East,P3,132
108,2025-01-27,West,P4,146
108,2025-01-27,Central,P4,99
108,2025-01-27,East,P4,85
108,2025-01-27,West,P5,176
108,2025-01-27,Central,P5,94
108,2025-01-27,East,P5,81
109,2025-02-03,West,P1,171
109,2025-02-03,Central,P1,137
109,2025-02-03,East,P1,48
109,2025-02-03,West,P2,255
109,2025-02-03,Central,P2,197
109,2025-02-03,East,P2,234
109,2025-02-03,West,P3,102
109,2025-02-03,Central,P3,82
109,2025-02-03,East,P3,133
109,2025-02-03,West,P4,102
109,2025-02-03,Central,P4,92
109,2025-02-03,East,P4,119
109,2025-02-03,West,P5,220
109,2025-02-03,Central,P5,49
109,2025-02-03,East,P5,308
110,2025-02-10,West,P1,44
110,2025-02-10,Central,P1,76
110,2025-02-10,East,P1,116
110,2025-02-10,West,P2,203
110,2025-02-10,Central,P2,159
110,2025-02-10,East,P2,211
110,2025-02-10,West,P3,52
110,2025-02-10,Central,P3,53
110,2025-02-10,East,P3,168
110,2025-02-10,West,P4,112
110,2025-02-10,Central,P4,58
110,2025-02-10,East,P4,136
110,2025-02-10,West,P5,152
110,2025-02-10,Central,P5,137
110,2025-02-10,East,P5,92
111,2025-02-17,West,P1,102
111,2025-02-17,Central,P1,64
111,2025-02-17,East,P1,103
111,2025-02-17,West,P2,159
111,2025-02-17,Central,P2,68
111,2025-02-17,East,P2,224
111,2025-02-17,West,P3,78
111,2025-02-17,Central,P3,53
111,2025-02-17,East,P3,79
111,2025-02-17,West,P4,74
111,2025-02-17,Central,P4,55
111,2025-02-17,East,P4,133
111,2025-02-17,West,P5,163
111,2025-02-17,Central,P5,155
111,2025-02-17,East,P5,85
112,2025-02-24,West,P1,103
112,2025-02-24,Central,P1,32
112,2025-02-24,East,P1,157
112,2025-02-24,West,P2,87
112,2025-02-24,Central,P2,220
112,2025-02-24,East,P2,138
112,2025-02-24,West,P3,111
112,2025-02-24,Central,P3,54
112,2025-02-24,East,P3,122
112,2025-02-24,West,P4,161
112,2025-02-24,Central,P4,47
112,2025-02-24,East,P4,83
112,2025-02-24,West,P5,182
112,2025-02-24,Central,P5,229
112,2025-02-24,East,P5,178
113,2025-03-03,West,P1,151
113,2025-03-03,Central,P1,106
113,2025-03-03,East,P1,89
113,2025-03-03,West,P2,198
113,2025-03-03,Central,P2,82
113,2025-03-03,East,P2,244
113,2025-03-03,West,P3,82
113,2025-03-03,Central,P3,127
113,2025-03-03,East,P3,122
113,2025-03-03,West,P4,147
113,2025-03-03,Central,P4,69
113,2025-03-03,East,P4,118
113,2025-03-03,West,P5,202
113,2025-03-03,Central,P5,141
113,2025-03-03,East,P5,94
114,2025-03-10,West,P1,139
114,2025-03-10,Central,P1,62
114,2025-03-10,East,P1,75
114,2025-03-10,West,P2,150
114,2025-03-10,Central,P2,124
114,2025-03-10,East,P2,195
114,2025-03-10,West,P3,99
114,2025-03-10,Central,P3,107
114,2025-03-10,East,P3,122
114,2025-03-10,West,P4,199
114,2025-03-10,Central,P4,89
114,2025-03-10,East,P4,96
114,2025-03-10,West,P5,294
114,2025-03-10,Central,P5,48
114,2025-03-10,East,P5,192
115,2025-03-17,West,P1,125
115,2025-03-17,Central,P1,91
115,2025-03-17,East,P1,87
115,2025-03-17,West,P2,177
115,2025-03-17,Central,P2,170
115,2025-03-17,East,P2,214
115,2025-03-17,West,P3,83
115,2025-03-17,Central,P3,107
115,2025-03-17,East,P3,131
115,2025-03-17,West,P4,89
115,2025-03-17,Central,P4,148
115,2025-03-17,East,P4,87
115,2025-03-17,West,P5,261
115,2025-03-17,Central,P5,99
115,2025-03-17,East,P5,54
116,2025-03-24,West,P1,72
116,2025-03-24,Central,P1,100
116,2025-03-24,East,P1,97
116,2025-03-24,West,P2,244
116,2025-03-24,Central,P2,105
116,2025-03-24,East,P2,232
116,2025-03-24,West,P3,54
116,2025-03-24,Central,P3,101
116,2025-03-24,East,P3,49
116,2025-03-24,West,P4,115
116,2025-03-24,Central,P4,195
116,2025-03-24,East,P4,141
116,2025-03-24,West,P5,117
116,2025-03-24,Central,P5,205
116,2025-03-24,East,P5,136
117,2025-03-31,West,P1,137
117,2025-03-31,Central,P1,35
117,2025-03-31,East,P1,121
117,2025-03-31,West,P2,263
117,2025-03-31,Central,P2,219
117,2025-03-31,East,P2,146
117,2025-03-31,West,P3,164
117,2025-03-31,Central,P3,33
117,2025-03-31,East,P3,93
117,2025-03-31,West,P4,222
117,2025-03-31,Central,P4,58
117,2025-03-31,East,P4,81
117,2025-03-31,West,P5,187
117,2025-03-31,Central,P5,67
117,2025-03-31,East,P5,267
118,2025-04-07,West,P1,191
118,2025-04-07,Central,P1,53
118,2025-04-07,East,P1,144
118,2025-04-07,West,P2,137
118,2025-04-07,Central,P2,264
118,2025-04-07,East,P2,173
118,2025-04-07,West,P3,104
118,2025-04-07,Central,P3,48
118,2025-04-07,East,P3,80
118,2025-04-07,West,P4,84
118,2025-04-07,Central,P4,71
118,2025-04-07,East,P4,162
118,2025-04-07,West,P5,113
118,2025-04-07,Central,P5,46
118,2025-04-07,East,P5,216
119,2025-04-14,West,P1,126
119,2025-04-14,Central,P1,46
119,2025-04-14,East,P1,93
119,2025-04-14,West,P2,186
119,2025-04-14,Central,P2,89
119,2025-04-14,East,P2,347
119,2025-04-14,West,P3,130
119,2025-04-14,Central,P3,51
119,2025-04-14,East,P3,113
119,2025-04-14,West,P4,73
119,2025-04-14,Central,P4,69
119,2025-04-14,East,P4,107
119,2025-04-14,West,P5,251
119,2025-04-14,Central,P5,151
119,2025-04-14,East,P5,107
120,2025-04-21,West,P1,75
120,2025-04-21,Central,P1,96
120,2025-04-21,East,P1,90
120,2025-04-21,West,P2,350
120,2025-04-21,Central,P2,133
120,2025-04-21,East,P2,64
120,2025-04-21,West,P3,112
120,2025-04-21,Central,P3,112
120,2025-04-21,East,P3,84
120,2025-04-21,West,P4,165
120,2025-04-21,Central,P4,53
120,2025-04-21,East,P4,162
120,2025-04-21,West,P5,155
120,2025-04-21,Central,P5,66
120,2025-04-21,East,P5,209
121,2025-04-28,West,P1,150
121,2025-04-28,Central,P1,56
121,2025-04-28,East,P1,172
121,2025-04-28,West,P2,135
121,2025-04-28,Central,P2,237
121,2025-04-28,East,P2,208
121,2025-04-28,West,P3,81
121,2025-04-28,Central,P3,88
121,2025-04-28,East,P3,108
121,2025-04-28,West,P4,225
121,2025-04-28,Central,P4,78
121,2025-04-28,East,P4,72
121,2025-04-28,West,P5,76
121,2025-04-28,Central,P5,184
121,2025-04-28,East,P5,230
122,2025-05-05,West,P1,61
122,2025-05-05,Central,P1,173
122,2025-05-05,East,P1,97
122,2025-05-05,West,P2,280
122,2025-05-05,Central,P2,169
122,2025-05-05,East,P2,207
122,2025-05-05,West,P3,140
122,2025-05-05,Central,P3,112
122,2025-05-05,East,P3,131
122,2025-05-05,West,P4,25
122,2025-05-05,Central,P4,93
122,2025-05-05,East,P4,180
122,2025-05-05,West,P5,142
122,2025-05-05,Central,P5,251
122,2025-05-05,East,P5,110
123,2025-05-12,West,P1,87
123,2025-05-12,Central,P1,92
123,2025-05-12,East,P1,115
123,2025-05-12,West,P2,187
123,2025-05-12,Central,P2,266
123,2025-05-12,East,P2,127
123,2025-05-12,West,P3,96
123,2025-05-12,Central,P3,255
123,2025-05-12,East,P3,83
123,2025-05-12,West,P4,118
123,2025-05-12,Central,P4,71
123,2025-05-12,East,P4,139
123,2025-05-12,West,P5,230
123,2025-05-12,Central,P5,57
123,2025-05-12,East,P5,216
124,2025-05-19,West,P1,93
124,2025-05-19,Central,P1,75
124,2025-05-19,East,P1,134
124,2025-05-19,West,P2,154
124,2025-05-19,Central,P2,104
124,2025-05-19,East,P2,191
124,2025-05-19,West,P3,94
124,2025-05-19,Central,P3,130
124,2025-05-19,East,P3,96
124,2025-05-19,West,P4,73
124,2025-05-19,Central,P4,88
124,2025-05-19,East,P4,99
124,2025-05-19,West,P5,275
124,2025-05-19,Central,P5,44
124,2025-05-19,East,P5,182
125,2025-05-26,West,P1,92
125,2025-05-26,Central,P1,118
125,2025-05-26,East,P1,92
125,2025-05-26,West,P2,263
125,2025-05-26,Central,P2,149
125,2025-05-26,East,P2,111
125,2025-05-26,West,P3,150
125,2025-05-26,Central,P3,49
125,2025-05-26,East,P3,127
125,2025-05-26,West,P4,143
125,2025-05-26,Central,P4,99
125,2025-05-26,East,P4,136
125,2025-05-26,West,P5,124
125,2025-05-26,Central,P5,65
125,2025-05-26,East,P5,281
126,2025-06-02,West,P1,91
126,2025-06-02,Central,P1,50
126,2025-06-02,East,P1,146
126,2025-06-02,West,P2,169
126,2025-06-02,Central,P2,104
126,2025-06-02,East,P2,135
126,2025-06-02,West,P3,205
126,2025-06-02,Central,P3,102
126,2025-06-02,East,P3,77
126,2025-06-02,West,P4,131
126,2025-06-02,Central,P4,70
126,2025-06-02,East,P4,62
126,2025-06-02,West,P5,129
126,2025-06-02,Central,P5,115
126,2025-06-02,East,P5,209
127,2025-06-09,West,P1,122
127,2025-06-09,Central,P1,63
127,2025-06-09,East,P1,103
127,2025-06-09,West,P2,171
127,2025-06-09,Central,P2,198
127,2025-06-09,East,P2,106
127,2025-06-09,West,P3,105
127,2025-06-09,Central,P3,145
127,2025-06-09,East,P3,135
127,2025-06-09,West,P4,65
127,2025-06-09,Central,P4,69
127,2025-06-09,East,P4,97
127,2025-06-09,West,P5,215
127,2025-06-09,Central,P5,95
127,2025-06-09,East,P5,135
128,2025-06-16,West,P1,40
128,2025-06-16,Central,P1,133
128,2025-06-16,East,P1,119
128,2025-06-16,West,P2,269
128,2025-06-16,Central,P2,56
128,2025-06-16,East,P2,69
128,2025-06-16,West,P3,57
128,2025-06-16,Central,P3,27
128,2025-06-16,East,P3,117
128,2025-06-16,West,P4,184
128,2025-06-16,Central,P4,86
128,2025-06-16,East,P4,39
128,2025-06-16,West,P5,149
128,2025-06-16,Central,P5,87
128,2025-06-16,East,P5,193
129,2025-06-23,West,P1,105
129,2025-06-23,Central,P1,59
129,2025-06-23,East,P1,58
129,2025-06-23,West,P2,97
129,2025-06-23,Central,P2,139
129,2025-06-23,East,P2,131
129,2025-06-23,West,P3,148
129,2025-06-23,Central,P3,25
129,2025-06-23,East,P3,91
129,2025-06-23,West,P4,132
129,2025-06-23,Central,P4,121
129,2025-06-23,East,P4,49
129,2025-06-23,West,P5,194
129,2025-06-23,Central,P5,140
129,2025-06-23,East,P5,81
130,2025-06-30,West,P1,57
130,2025-06-30,Central,P1,57
130,2025-06-30,East,P1,84
130,2025-06-30,West,P2,345
130,2025-06-30,Central,P2,206
130,2025-06-30,East,P2,102
130,2025-06-30,West,P3,68
130,2025-06-30,Central,P3,99
130,2025-06-30,East,P3,72
130,2025-06-30,West,P4,124
130,2025-06-30,Central,P4,79
130,2025-06-30,East,P4,84
130,2025-06-30,West,P5,169
130,2025-06-30,Central,P5,39
130,2025-06-30,East,P5,205
131,2025-07-07,West,P1,113
131,2025-07-07,Central,P1,33
131,2025-07-07,East,P1,124
131,2025-07-07,West,P2,286
131,2025-07-07,Central,P2,159
131,2025-07-07,East,P2,186
131,2025-07-07,West,P3,72
131,2025-07-07,Central,P3,86
131,2025-07-07,East,P3,92
131,2025-07-07,West,P4,164
131,2025-07-07,Central,P4,56
131,2025-07-07,East,P4,111
131,2025-07-07,West,P5,142
131,2025-07-07,Central,P5,126
131,2025-07-07,East,P5,111
132,2025-07-14,West,P1,59
132,2025-07-14,Central,P1,90
132,2025-07-14,East,P1,86
132,2025-07-14,West,P2,162
132,2025-07-14,Central,P2,121
132,2025-07-14,East,P2,158
132,2025-07-14,West,P3,91
132,2025-07-14,Central,P3,73
132,2025-07-14,East,P3,64
132,2025-07-14,West,P4,79
132,2025-07-14,Central,P4,132
132,2025-07-14,East,P4,57
132,2025-07-14,West,P5,158
132,2025-07-14,Central,P5,119
132,2025-07-14,East,P5,181
133,2025-07-21,West,P1,84
133,2025-07-21,Central,P1,98
133,2025-07-21,East,P1,46
133,2025-07-21,West,P2,241
133,2025-07-21,Central,P2,62
133,2025-07-21,East,P2,260
133,2025-07-21,West,P3,151
133,2025-07-21,Central,P3,104
133,2025-07-21,East,P3,75
133,2025-07-21,West,P4,90
133,2025-07-21,Central,P4,64
133,2025-07-21,East,P4,104
133,2025-07-21,West,P5,110
133,2025-07-21,Central,P5,90
133,2025-07-21,East,P5,169
134,2025-07-28,West,P1,118
134,2025-07-28,Central,P1,75
134,2025-07-28,East,P1,51
134,2025-07-28,West,P2,156
134,2025-07-28,Central,P2,107
134,2025-07-28,East,P2,255
134,2025-07-28,West,P3,69
134,2025-07-28,Central,P3,85
134,2025-07-28,East,P3,59
134,2025-07-28,West,P4,63
134,2025-07-28,Central,P4,119
134,2025-07-28,East,P4,83
134,2025-07-28,West,P5,171
134,2025-07-28,Central,P5,75
134,2025-07-28,East,P5,140
135,2025-08-04,West,P1,96
135,2025-08-04,Central,P1,56
135,2025-08-04,East,P1,55
135,2025-08-04,West,P2,111
135,2025-08-04,Central,P2,87
135,2025-08-04,East,P2,200
135,2025-08-04,West,P3,107
135,2025-08-04,Central,P3,49
135,2025-08-04,East,P3,177
135,2025-08-04,West,P4,93
135,2025-08-04,Central,P4,33
135,2025-08-04,East,P4,70
135,2025-08-04,West,P5,130
135,2025-08-04,Central,P5,132
135,2025-08-04,East,P5,108
136,2025-08-11,West,P1,106
136,2025-08-11,Central,P1,24
136,2025-08-11,East,P1,37
136,2025-08-11,West,P2,279
136,2025-08-11,Central,P2,116
136,2025-08-11,East,P2,172
136,2025-08-11,West,P3,73
136,2025-08-11,Central,P3,94
136,2025-08-11,East,P3,53
136,2025-08-11,West,P4,232
136,2025-08-11,Central,P4,26
136,2025-08-11,East,P4,60
136,2025-08-11,West,P5,192
136,2025-08-11,Central,P5,194
136,2025-08-11,East,P5,101
137,2025-08-18,West,P1,66
137,2025-08-18,Central,P1,34
137,2025-08-18,East,P1,77
137,2025-08-18,West,P2,80
137,2025-08-18,Central,P2,35
137,2025-08-18,East,P2,119
137,2025-08-18,West,P3,44
137,2025-08-18,Central,P3,94
137,2025-08-18,East,P3,84
137,2025-08-18,West,P4,99
137,2025-08-18,Central,P4,51
137,2025-08-18,East,P4,141
137,2025-08-18,West,P5,156
137,2025-08-18,Central,P5,201
137,2025-08-18,East,P5,103
138,2025-08-25,West,P1,71
138,2025-08-25,Central,P1,94
138,2025-08-25,East,P1,81
138,2025-08-25,West,P2,156
138,2025-08-25,Central,P2,89
138,2025-08-25,East,P2,159
138,2025-08-25,West,P3,75
138,2025-08-25,Central,P3,50
138,2025-08-25,East,P3,110
138,2025-08-25,West,P4,101
138,2025-08-25,Central,P4,33
138,2025-08-25,East,P4,115
138,2025-08-25,West,P5,134
138,2025-08-25,Central,P5,254
138,2025-08-25,East,P5,140
139,2025-09-01,West,P1,96
139,2025-09-01,Central,P1,82
139,2025-09-01,East,P1,63
139,2025-09-01,West,P2,131
139,2025-09-01,Central,P2,96
139,2025-09-01,East,P2,133
139,2025-09-01,West,P3,128
139,2025-09-01,Central,P3,35
139,2025-09-01,East,P3,104
139,2025-09-01,West,P4,168
139,2025-09-01,Central,P4,21
139,2025-09-01,East,P4,89
139,2025-09-01,West,P5,106
139,2025-09-01,Central,P5,184
139,2025-09-01,East,P5,156
140,2025-09-08,West,P1,94
140,2025-09-08,Central,P1,52
140,2025-09-08,East,P1,69
140,2025-09-08,West,P2,217
140,2025-09-08,Central,P2,98
140,2025-09-08,East,P2,145
140,2025-09-08,West,P3,64
140,2025-09-08,Central,P3,82
140,2025-09-08,East,P3,62
140,2025-09-08,West,P4,138
140,2025-09-08,Central,P4,60
140,2025-09-08,East,P4,119
140,2025-09-08,West,P5,67
140,2025-09-08,Central,P5,215
140,2025-09-08,East,P5,127
141,2025-09-15,West,P1,77
141,2025-09-15,Central,P1,90
141,2025-09-15,East,P1,24
141,2025-09-15,West,P2,95
141,2025-09-15,Central,P2,158
141,2025-09-15,East,P2,152
141,2025-09-15,West,P3,93
141,2025-09-15,Central,P3,45
141,2025-09-15,East,P3,71
141,2025-09-15,West,P4,78
141,2025-09-15,Central,P4,97
141,2025-09-15,East,P4,67
141,2025-09-15,West,P5,155
141,2025-09-15,Central,P5,104
141,2025-09-15,East,P5,120
142,2025-09-22,West,P1,127
142,2025-09-22,Central,P1,85
142,2025-09-22,East,P1,19
142,2025-09-22,West,P2,153
142,2025-09-22,Central,P2,149
142,2025-09-22,East,P2,58
142,2025-09-22,West,P3,45
142,2025-09-22,Central,P3,75
142,2025-09-22,East,P3,94
142,2025-09-22,West,P4,85
142,2025-09-22,Central,P4,89
142,2025-09-22,East,P4,71
142,2025-09-22,West,P5,143
142,2025-09-22,Central,P5,171
142,2025-09-22,East,P5,163
143,2025-09-29,West,P1,94
143,2025-09-29,Central,P1,34
143,2025-09-29,East,P1,89
143,2025-09-29,West,P2,143
143,2025-09-29,Central,P2,154
143,2025-09-29,East,P2,228
143,2025-09-29,West,P3,88
143,2025-09-29,Central,P3,56
143,2025-09-29,East,P3,115
143,2025-09-29,West,P4,65
143,2025-09-29,Central,P4,104
143,2025-09-29,East,P4,83
143,2025-09-29,West,P5,185
143,2025-09-29,Central,P5,89
143,2025-09-29,East,P5,126
144,2025-10-06,West,P1,103
144,2025-10-06,Central,P1,95
144,2025-10-06,East,P1,31
144,2025-10-06,West,P2,150
144,2025-10-06,Central,P2,93
144,2025-10-06,East,P2,132
144,2025-10-06,West,P3,92
144,2025-10-06,Central,P3,85
144,2025-10-06,East,P3,95
144,2025-10-06,West,P4,62
144,2025-10-06,Central,P4,67
144,2025-10-06,East,P4,94
144,2025-10-06,West,P5,102
144,2025-10-06,Central,P5,109
144,2025-10-06,East,P5,128
145,2025-10-13,West,P1,48
145,2025-10-13,Central,P1,56
145,2025-10-13,East,P1,128
145,2025-10-13,West,P2,216
145,2025-10-13,Central,P2,97
145,2025-10-13,East,P2,147
145,2025-10-13,West,P3,74
145,2025-10-13,Central,P3,94
145,2025-10-13,East,P3,81
145,2025-10-13,West,P4,143
145,2025-10-13,Central,P4,66
145,2025-10-13,East,P4,65
145,2025-10-13,West,P5,117
145,2025-10-13,Central,P5,167
145,2025-10-13,East,P5,43
146,2025-10-20,West,P1,84
146,2025-10-20,Central,P1,53
146,2025-10-20,East,P1,58
146,2025-10-20,West,P2,86
146,2025-10-20,Central,P2,103
146,2025-10-20,East,P2,171
146,2025-10-20,West,P3,90
146,2025-10-20,Central,P3,103
146,2025-10-20,East,P3,51
146,2025-10-20,West,P4,108
146,2025-10-20,Central,P4,99
146,2025-10-20,East,P4,58
146,2025-10-20,West,P5,105
146,2025-10-20,Central,P5,136
146,2025-10-20,East,P5,138
147,2025-10-27,West,P1,74
147,2025-10-27,Central,P1,73
147,2025-10-27,East,P1,54
147,2025-10-27,West,P2,86
147,2025-10-27,Central,P2,157
147,2025-10-27,East,P2,177
147,2025-10-27,West,P3,125
147,2025-10-27,Central,P3,90
147,2025-10-27,East,P3,51
147,2025-10-27,West,P4,99
147,2025-10-27,Central,P4,130
147,2025-10-27,East,P4,53
147,2025-10-27,West,P5,133
147,2025-10-27,Central,P5,161
147,2025-10-27,East,P5,104
148,2025-11-03,West,P1,81
148,2025-11-03,Central,P1,31
148,2025-11-03,East,P1,80
148,2025-11-03,West,P2,169
148,2025-11-03,Central,P2,144
148,2025-11-03,East,P2,150
148,2025-11-03,West,P3,74
148,2025-11-03,Central,P3,67
148,2025-11-03,East,P3,88
148,2025-11-03,West,P4,95
148,2025-11-03,Central,P4,47
148,2025-11-03,East,P4,88
148,2025-11-03,West,P5,163
148,2025-11-03,Central,P5,186
148,2025-11-03,East,P5,33
149,2025-11-10,West,P1,123
149,2025-11-10,Central,P1,57
149,2025-11-10,East,P1,31
149,2025-11-10,West,P2,237
149,2025-11-10,Central,P2,148
149,2025-11-10,East,P2,118
149,2025-11-10,West,P3,121
149,2025-11-10,Central,P3,73
149,2025-11-10,East,P3,124
149,2025-11-10,West,P4,93
149,2025-11-10,Central,P4,79
149,2025-11-10,East,P4,50
149,2025-11-10,West,P5,85
149,2025-11-10,Central,P5,160
149,2025-11-10,East,P5,94
150,2025-11-17,West,P1,156
150,2025-11-17,Central,P1,48
150,2025-11-17,East,P1,50
150,2025-11-17,West,P2,167
150,2025-11-17,Central,P2,265
150,2025-11-17,East,P2,162
150,2025-11-17,West,P3,33
150,2025-11-17,Central,P3,58
150,2025-11-17,East,P3,115
150,2025-11-17,West,P4,93
150,2025-11-17,Central,P4,108
150,2025-11-17,East,P4,86
150,2025-11-17,West,P5,151
150,2025-11-17,Central,P5,83
150,2025-11-17,East,P5,268
151,2025-11-24,West,P1,134
151,2025-11-24,Central,P1,81
151,2025-11-24,East,P1,42
151,2025-11-24,West,P2,129
151,2025-11-24,Central,P2,90
151,2025-11-24,East,P2,160
151,2025-11-24,West,P3,90
151,2025-11-24,Central,P3,83
151,2025-11-24,East,P3,77
151,2025-11-24,West,P4,73
151,2025-11-24,Central,P4,107
151,2025-11-24,East,P4,50
151,2025-11-24,West,P5,152
151,2025-11-24,Central,P5,153
151,2025-11-24,East,P5,147
152,2025-12-01,West,P1,88
152,2025-12-01,Central,P1,110
152,2025-12-01,East,P1,50
152,2025-12-01,West,P2,80
152,2025-12-01,Central,P2,35
152,2025-12-01,East,P2,212
152,2025-12-01,West,P3,65
152,2025-12-01,Central,P3,58
152,2025-12-01,East,P3,93
152,2025-12-01,West,P4,100
152,2025-12-01,Central,P4,76
152,2025-12-01,East,P4,95
152,2025-12-01,West,P5,134
152,2025-12-01,Central,P5,113
152,2025-12-01,East,P5,143
153,2025-12-08,West,P1,131
153,2025-12-08,Central,P1,123
153,2025-12-08,East,P1,35
153,2025-12-08,West,P2,139
153,2025-12-08,Central,P2,86
153,2025-12-08,East,P2,68
153,2025-12-08,West,P3,70
153,2025-12-08,Central,P3,41
153,2025-12-08,East,P3,92
153,2025-12-08,West,P4,120
153,2025-12-08,Central,P4,83
153,2025-12-08,East,P4,79
153,2025-12-08,West,P5,235
153,2025-12-08,Central,P5,111
153,2025-12-08,East,P5,63
154,2025-12-15,West,P1,101
154,2025-12-15,Central,P1,60
154,2025-12-15,East,P1,72
154,2025-12-15,West,P2,218
154,2025-12-15,Central,P2,108
154,2025-12-15,East,P2,181
154,2025-12-15,West,P3,87
154,2025-12-15,Central,P3,56
154,2025-12-15,East,P3,98
154,2025-12-15,West,P4,86
154,2025-12-15,Central,P4,113
154,2025-12-15,East,P4,125
154,2025-12-15,West,P5,157
154,2025-12-15,Central,P5,86
154,2025-12-15,East,P5,110
155,2025-12-22,West,P1,166
155,2025-12-22,Central,P1,76
155,2025-12-22,East,P1,110
155,2025-12-22,West,P2,183
155,2025-12-22,Central,P2,131
155,2025-12-22,East,P2,177
155,2025-12-22,West,P3,98
155,2025-12-22,Central,P3,41
155,2025-12-22,East,P3,65
155,2025-12-22,West,P4,73
155,2025-12-22,Central,P4,111
155,2025-12-22,East,P4,79
155,2025-12-22,West,P5,123
155,2025-12-22,Central,P5,142
155,2025-12-22,East,P5,114
