week,week_start,location,product,on_hand,in_transit,backlog
0,2025-01-06,DC_W,Product1,365,154,13
0,2025-01-06,DC_W,Product2,599,76,0
0,2025-01-06,DC_W,Product3,259,166,22
0,2025-01-06,DC_W,Product4,379,193,45
0,2025-01-06,DC_W,Product5,324,81,42
0,2025-01-06,DC_C,Product1,562,131,31
0,2025-01-06,DC_C,Product2,302,170,31
0,2025-01-06,DC_C,Product3,401,59,45
0,2025-01-06,DC_C,Product4,446,78,30
0,2025-01-06,DC_C,Product5,470,128,35
0,2025-01-06,DC_E,Product1,432,192,2
0,2025-01-06,DC_E,Product2,242,76,34
0,2025-01-06,DC_E,Product3,458,183,36
0,2025-01-06,DC_E,Product4,403,198,13
0,2025-01-06,DC_E,Product5,533,114,32
1,2025-01-13,DC_W,Product1,490,145,7
1,2025-01-13,DC_W,Product2,377,134,42
1,2025-01-13,DC_W,Product3,377,187,22
1,2025-01-13,DC_W,Product4,419,169,29
1,2025-01-13,DC_W,Product5,584,149,26
1,2025-01-13,DC_C,Product1,209,112,14
1,2025-01-13,DC_C,Product2,499,81,10
1,2025-01-13,DC_C,Product3,275,68,15
1,2025-01-13,DC_C,Product4,554,166,36
1,2025-01-13,DC_C,Product5,518,90,44
1,2025-01-13,DC_E,Product1,254,100,29
1,2025-01-13,DC_E,Product2,241,159,19
1,2025-01-13,DC_E,Product3,513,123,9
1,2025-01-13,DC_E,Product4,493,87,24
1,2025-01-13,DC_E,Product5,230,142,33
2,2025-01-20,DC_W,Product1,351,193,43
2,2025-01-20,DC_W,Product2,483,157,12
2,2025-01-20,DC_W,Product3,462,79,7
2,2025-01-20,DC_W,Product4,599,143,21
2,2025-01-20,DC_W,Product5,315,140,2
2,2025-01-20,DC_C,Product1,237,54,24
2,2025-01-20,DC_C,Product2,440,59,36
2,2025-01-20,DC_C,Product3,292,152,49
2,2025-01-20,DC_C,Product4,476,182,47
2,2025-01-20,DC_C,Product5,394,155,42
2,2025-01-20,DC_E,Product1,342,89,47
2,2025-01-20,DC_E,Product2,490,82,22
2,2025-01-20,DC_E,Product3,518,132,32
2,2025-01-20,DC_E,Product4,501,143,27
2,2025-01-20,DC_E,Product5,499,159,31
3,2025-01-27,DC_W,Product1,343,110,48
3,2025-01-27,DC_W,Product2,244,90,24
3,2025-01-27,DC_W,Product3,534,74,13
3,2025-01-27,DC_W,Product4,226,155,11
3,2025-01-27,DC_W,Product5,355,116,44
3,2025-01-27,DC_C,Product1,364,71,26
3,2025-01-27,DC_C,Product2,585,141,49
3,2025-01-27,DC_C,Product3,536,55,32
3,2025-01-27,DC_C,Product4,314,133,13
3,2025-01-27,DC_C,Product5,339,188,10
3,2025-01-27,DC_E,Product1,549,54,4
3,2025-01-27,DC_E,Product2,541,144,37
3,2025-01-27,DC_E,Product3,283,130,36
3,2025-01-27,DC_E,Product4,450,120,47
3,2025-01-27,DC_E,Product5,470,186,36
4,2025-02-03,DC_W,Product1,494,62,17
4,2025-02-03,DC_W,Product2,543,84,5
4,2025-02-03,DC_W,Product3,330,83,46
4,2025-02-03,DC_W,Product4,547,124,3
4,2025-02-03,DC_W,Product5,485,143,48
4,2025-02-03,DC_C,Product1,423,100,25
4,2025-02-03,DC_C,Product2,591,154,33
4,2025-02-03,DC_C,Product3,296,161,37
4,2025-02-03,DC_C,Product4,326,122,14
4,2025-02-03,DC_C,Product5,303,53,14
4,2025-02-03,DC_E,Product1,421,50,14
4,2025-02-03,DC_E,Product2,552,139,30
4,2025-02-03,DC_E,Product3,361,151,9
4,2025-02-03,DC_E,Product4,527,67,32
4,2025-02-03,DC_E,Product5,336,162,27
5,2025-02-10,DC_W,Product1,380,75,31
5,2025-02-10,DC_W,Product2,589,173,3
5,2025-02-10,DC_W,Product3,350,188,25
5,2025-02-10,DC_W,Product4,464,186,43
5,2025-02-10,DC_W,Product5,400,115,16
5,2025-02-10,DC_C,Product1,487,93,12
5,2025-02-10,DC_C,Product2,342,76,34
5,2025-02-10,DC_C,Product3,446,122,19
5,2025-02-10,DC_C,Product4,563,54,38
5,2025-02-10,DC_C,Product5,560,116,27
5,2025-02-10,DC_E,Product1,577,81,26
5,2025-02-10,DC_E,Product2,389,88,40
5,2025-02-10,DC_E,Product3,559,167,9
5,2025-02-10,DC_E,Product4,234,140,2
5,2025-02-10,DC_E,Product5,469,129,33
6,2025-02-17,DC_W,Product1,436,113,10
6,2025-02-17,DC_W,Product2,322,128,32
6,2025-02-17,DC_W,Product3,511,165,48
6,2025-02-17,DC_W,Product4,314,60,17
6,2025-02-17,DC_W,Product5,497,115,40
6,2025-02-17,DC_C,Product1,419,189,47
6,2025-02-17,DC_C,Product2,227,118,30
6,2025-02-17,DC_C,Product3,302,111,33
6,2025-02-17,DC_C,Product4,290,140,34
6,2025-02-17,DC_C,Product5,236,124,13
6,2025-02-17,DC_E,Product1,489,78,44
6,2025-02-17,DC_E,Product2,372,79,21
6,2025-02-17,DC_E,Product3,363,114,29
6,2025-02-17,DC_E,Product4,408,72,3
6,2025-02-17,DC_E,Product5,491,133,17
7,2025-02-24,DC_W,Product1,523,108,39
7,2025-02-24,DC_W,Product2,322,60,46
7,2025-02-24,DC_W,Product3,357,168,13
7,2025-02-24,DC_W,Product4,458,180,2
7,2025-02-24,DC_W,Product5,532,135,30
7,2025-02-24,DC_C,Product1,409,181,2
7,2025-02-24,DC_C,Product2,304,181,37
7,2025-02-24,DC_C,Product3,207,127,26
7,2025-02-24,DC_C,Product4,360,94,34
7,2025-02-24,DC_C,Product5,283,169,40
7,2025-02-24,DC_E,Product1,366,92,14
7,2025-02-24,DC_E,Product2,392,157,17
7,2025-02-24,DC_E,Product3,444,107,15
7,2025-02-24,DC_E,Product4,209,50,11
7,2025-02-24,DC_E,Product5,362,177,39
8,2025-03-03,DC_W,Product1,306,86,11
8,2025-03-03,DC_W,Product2,335,124,21
8,2025-03-03,DC_W,Product3,287,69,0
8,2025-03-03,DC_W,Product4,261,155,12
8,2025-03-03,DC_W,Product5,387,138,44
8,2025-03-03,DC_C,Product1,555,161,1
8,2025-03-03,DC_C,Product2,430,167,0
8,2025-03-03,DC_C,Product3,419,178,23
8,2025-03-03,DC_C,Product4,201,51,20
8,2025-03-03,DC_C,Product5,262,149,35
8,2025-03-03,DC_E,Product1,271,183,22
8,2025-03-03,DC_E,Product2,257,164,39
8,2025-03-03,DC_E,Product3,455,178,36
8,2025-03-03,DC_E,Product4,552,115,37
8,2025-03-03,DC_E,Product5,599,158,5
9,2025-03-10,DC_W,Product1,407,138,8
9,2025-03-10,DC_W,Product2,585,76,8
9,2025-03-10,DC_W,Product3,566,119,3
9,2025-03-10,DC_W,Product4,439,140,3
9,2025-03-10,DC_W,Product5,589,131,27
9,2025-03-10,DC_C,Product1,408,141,13
9,2025-03-10,DC_C,Product2,314,126,40
9,2025-03-10,DC_C,Product3,219,140,40
9,2025-03-10,DC_C,Product4,262,52,15
9,2025-03-10,DC_C,Product5,435,70,21
9,2025-03-10,DC_E,Product1,420,139,13
9,2025-03-10,DC_E,Product2,360,166,47
9,2025-03-10,DC_E,Product3,544,134,20
9,2025-03-10,DC_E,Product4,333,68,5
9,2025-03-10,DC_E,Product5,475,88,12
10,2025-03-17,DC_W,Product1,599,78,7
10,2025-03-17,DC_W,Product2,239,136,31
10,2025-03-17,DC_W,Product3,346,130,39
10,2025-03-17,DC_W,Product4,527,193,41
10,2025-03-17,DC_W,Product5,425,76,4
10,2025-03-17,DC_C,Product1,221,149,40
10,2025-03-17,DC_C,Product2,403,58,26
10,2025-03-17,DC_C,Product3,574,139,40
10,2025-03-17,DC_C,Product4,520,189,38
10,2025-03-17,DC_C,Product5,499,85,2
10,2025-03-17,DC_E,Product1,407,68,48
10,2025-03-17,DC_E,Product2,315,177,19
10,2025-03-17,DC_E,Product3,329,190,18
10,2025-03-17,DC_E,Product4,356,65,33
10,2025-03-17,DC_E,Product5,315,137,29
11,2025-03-24,DC_W,Product1,487,161,25
11,2025-03-24,DC_W,Product2,332,175,15
11,2025-03-24,DC_W,Product3,403,110,42
11,2025-03-24,DC_W,Product4,372,107,34
11,2025-03-24,DC_W,Product5,440,66,25
11,2025-03-24,DC_C,Product1,494,198,31
11,2025-03-24,DC_C,Product2,348,83,43
11,2025-03-24,DC_C,Product3,525,85,10
11,2025-03-24,DC_C,Product4,486,97,15
11,2025-03-24,DC_C,Product5,260,89,21
11,2025-03-24,DC_E,Product1,493,100,16
11,2025-03-24,DC_E,Product2,313,121,9
11,2025-03-24,DC_E,Product3,394,155,1
11,2025-03-24,DC_E,Product4,203,61,26
11,2025-03-24,DC_E,Product5,541,50,46
12,2025-03-31,DC_W,Product1,242,176,24
12,2025-03-31,DC_W,Product2,463,126,23
12,2025-03-31,DC_W,Product3,533,163,24
12,2025-03-31,DC_W,Product4,244,67,40
12,2025-03-31,DC_W,Product5,411,122,34
12,2025-03-31,DC_C,Product1,543,144,38
12,2025-03-31,DC_C,Product2,506,103,13
12,2025-03-31,DC_C,Product3,520,106,45
12,2025-03-31,DC_C,Product4,227,58,46
12,2025-03-31,DC_C,Product5,459,106,37
12,2025-03-31,DC_E,Product1,468,129,4
12,2025-03-31,DC_E,Product2,524,179,8
12,2025-03-31,DC_E,Product3,540,181,27
12,2025-03-31,DC_E,Product4,462,107,14
12,2025-03-31,DC_E,Product5,488,179,32
13,2025-04-07,DC_W,Product1,404,73,2
13,2025-04-07,DC_W,Product2,378,57,28
13,2025-04-07,DC_W,Product3,353,163,15
13,2025-04-07,DC_W,Product4,437,130,0
13,2025-04-07,DC_W,Product5,228,93,44
13,2025-04-07,DC_C,Product1,258,156,48
13,2025-04-07,DC_C,Product2,516,86,45
13,2025-04-07,DC_C,Product3,237,120,44
13,2025-04-07,DC_C,Product4,456,112,14
13,2025-04-07,DC_C,Product5,350,126,15
13,2025-04-07,DC_E,Product1,587,189,43
13,2025-04-07,DC_E,Product2,368,153,45
13,2025-04-07,DC_E,Product3,540,112,5
13,2025-04-07,DC_E,Product4,230,136,32
13,2025-04-07,DC_E,Product5,539,93,8
14,2025-04-14,DC_W,Product1,351,103,6
14,2025-04-14,DC_W,Product2,468,126,36
14,2025-04-14,DC_W,Product3,341,98,23
14,2025-04-14,DC_W,Product4,550,56,40
14,2025-04-14,DC_W,Product5,347,178,40
14,2025-04-14,DC_C,Product1,339,154,7
14,2025-04-14,DC_C,Product2,558,110,22
14,2025-04-14,DC_C,Product3,482,173,11
14,2025-04-14,DC_C,Product4,464,108,18
14,2025-04-14,DC_C,Product5,476,108,17
14,2025-04-14,DC_E,Product1,534,65,33
14,2025-04-14,DC_E,Product2,299,52,8
14,2025-04-14,DC_E,Product3,442,156,1
14,2025-04-14,DC_E,Product4,214,185,3
14,2025-04-14,DC_E,Product5,557,84,37
15,2025-04-21,DC_W,Product1,323,178,35
15,2025-04-21,DC_W,Product2,360,61,36
15,2025-04-21,DC_W,Product3,446,50,0
15,2025-04-21,DC_W,Product4,523,88,31
15,2025-04-21,DC_W,Product5,381,179,45
15,2025-04-21,DC_C,Product1,598,73,43
15,2025-04-21,DC_C,Product2,306,138,25
15,2025-04-21,DC_C,Product3,207,189,3
15,2025-04-21,DC_C,Product4,475,167,39
15,2025-04-21,DC_C,Product5,254,117,41
15,2025-04-21,DC_E,Product1,321,120,13
15,2025-04-21,DC_E,Product2,385,183,22
15,2025-04-21,DC_E,Product3,422,110,23
15,2025-04-21,DC_E,Product4,206,92,21
15,2025-04-21,DC_E,Product5,453,117,16
16,2025-04-28,DC_W,Product1,355,86,46
16,2025-04-28,DC_W,Product2,408,52,0
16,2025-04-28,DC_W,Product3,589,83,40
16,2025-04-28,DC_W,Product4,223,188,43
16,2025-04-28,DC_W,Product5,428,51,12
16,2025-04-28,DC_C,Product1,362,119,14
16,2025-04-28,DC_C,Product2,213,138,26
16,2025-04-28,DC_C,Product3,313,55,49
16,2025-04-28,DC_C,Product4,392,163,22
16,2025-04-28,DC_C,Product5,217,96,16
16,2025-04-28,DC_E,Product1,535,148,13
16,2025-04-28,DC_E,Product2,587,98,49
16,2025-04-28,DC_E,Product3,598,78,15
16,2025-04-28,DC_E,Product4,394,149,26
16,2025-04-28,DC_E,Product5,587,158,10
17,2025-05-05,DC_W,Product1,242,153,7
17,2025-05-05,DC_W,Product2,515,96,16
17,2025-05-05,DC_W,Product3,204,155,5
17,2025-05-05,DC_W,Product4,509,123,39
17,2025-05-05,DC_W,Product5,433,62,38
17,2025-05-05,DC_C,Product1,227,121,8
17,2025-05-05,DC_C,Product2,500,186,27
17,2025-05-05,DC_C,Product3,410,164,0
17,2025-05-05,DC_C,Product4,567,79,49
17,2025-05-05,DC_C,Product5,494,166,32
17,2025-05-05,DC_E,Product1,388,135,2
17,2025-05-05,DC_E,Product2,449,143,44
17,2025-05-05,DC_E,Product3,402,61,15
17,2025-05-05,DC_E,Product4,462,85,14
17,2025-05-05,DC_E,Product5,528,137,25
18,2025-05-12,DC_W,Product1,327,159,14
18,2025-05-12,DC_W,Product2,494,60,43
18,2025-05-12,DC_W,Product3,399,115,30
18,2025-05-12,DC_W,Product4,449,69,37
18,2025-05-12,DC_W,Product5,310,185,40
18,2025-05-12,DC_C,Product1,338,171,17
18,2025-05-12,DC_C,Product2,240,194,32
18,2025-05-12,DC_C,Product3,382,109,16
18,2025-05-12,DC_C,Product4,592,70,15
18,2025-05-12,DC_C,Product5,394,121,23
18,2025-05-12,DC_E,Product1,270,71,12
18,2025-05-12,DC_E,Product2,565,66,37
18,2025-05-12,DC_E,Product3,503,171,44
18,2025-05-12,DC_E,Product4,305,83,23
18,2025-05-12,DC_E,Product5,306,160,31
19,2025-05-19,DC_W,Product1,549,62,45
19,2025-05-19,DC_W,Product2,317,123,21
19,2025-05-19,DC_W,Product3,504,113,47
19,2025-05-19,DC_W,Product4,561,180,3
19,2025-05-19,DC_W,Product5,541,167,5
19,2025-05-19,DC_C,Product1,242,65,0
19,2025-05-19,DC_C,Product2,419,196,21
19,2025-05-19,DC_C,Product3,416,195,12
19,2025-05-19,DC_C,Product4,543,131,28
19,2025-05-19,DC_C,Product5,337,134,3
19,2025-05-19,DC_E,Product1,505,92,44
19,2025-05-19,DC_E,Product2,347,71,34
19,2025-05-19,DC_E,Product3,265,163,48
19,2025-05-19,DC_E,Product4,511,53,29
19,2025-05-19,DC_E,Product5,478,173,2
20,2025-05-26,DC_W,Product1,392,130,8
20,2025-05-26,DC_W,Product2,328,116,41
20,2025-05-26,DC_W,Product3,571,144,19
20,2025-05-26,DC_W,Product4,301,197,49
20,2025-05-26,DC_W,Product5,569,167,16
20,2025-05-26,DC_C,Product1,526,111,16
20,2025-05-26,DC_C,Product2,497,61,2
20,2025-05-26,DC_C,Product3,379,116,44
20,2025-05-26,DC_C,Product4,250,68,7
20,2025-05-26,DC_C,Product5,211,60,32
20,2025-05-26,DC_E,Product1,372,164,49
20,2025-05-26,DC_E,Product2,463,57,5
20,2025-05-26,DC_E,Product3,552,129,41
20,2025-05-26,DC_E,Product4,542,189,47
20,2025-05-26,DC_E,Product5,421,101,48
21,2025-06-02,DC_W,Product1,418,59,32
21,2025-06-02,DC_W,Product2,435,184,32
21,2025-06-02,DC_W,Product3,339,194,40
21,2025-06-02,DC_W,Product4,452,93,18
21,2025-06-02,DC_W,Product5,467,60,12
21,2025-06-02,DC_C,Product1,485,122,20
21,2025-06-02,DC_C,Product2,260,116,38
21,2025-06-02,DC_C,Product3,305,50,33
21,2025-06-02,DC_C,Product4,589,141,5
21,2025-06-02,DC_C,Product5,328,180,11
21,2025-06-02,DC_E,Product1,443,110,10
21,2025-06-02,DC_E,Product2,525,161,33
21,2025-06-02,DC_E,Product3,294,64,28
21,2025-06-02,DC_E,Product4,421,78,2
21,2025-06-02,DC_E,Product5,232,198,39
22,2025-06-09,DC_W,Product1,568,79,48
22,2025-06-09,DC_W,Product2,257,126,41
22,2025-06-09,DC_W,Product3,339,113,6
22,2025-06-09,DC_W,Product4,249,142,33
22,2025-06-09,DC_W,Product5,510,133,32
22,2025-06-09,DC_C,Product1,205,74,49
22,2025-06-09,DC_C,Product2,230,151,8
22,2025-06-09,DC_C,Product3,486,155,11
22,2025-06-09,DC_C,Product4,307,148,19
22,2025-06-09,DC_C,Product5,277,159,7
22,2025-06-09,DC_E,Product1,542,127,5
22,2025-06-09,DC_E,Product2,477,127,14
22,2025-06-09,DC_E,Product3,369,94,13
22,2025-06-09,DC_E,Product4,265,104,12
22,2025-06-09,DC_E,Product5,473,152,25
23,2025-06-16,DC_W,Product1,511,176,28
23,2025-06-16,DC_W,Product2,447,92,44
23,2025-06-16,DC_W,Product3,209,102,36
23,2025-06-16,DC_W,Product4,232,77,29
23,2025-06-16,DC_W,Product5,423,160,40
23,2025-06-16,DC_C,Product1,251,52,34
23,2025-06-16,DC_C,Product2,320,143,7
23,2025-06-16,DC_C,Product3,387,125,29
23,2025-06-16,DC_C,Product4,405,124,16
23,2025-06-16,DC_C,Product5,228,63,21
23,2025-06-16,DC_E,Product1,342,127,15
23,2025-06-16,DC_E,Product2,475,179,14
23,2025-06-16,DC_E,Product3,277,67,30
23,2025-06-16,DC_E,Product4,377,78,32
23,2025-06-16,DC_E,Product5,259,133,26
24,2025-06-23,DC_W,Product1,493,58,44
24,2025-06-23,DC_W,Product2,481,82,9
24,2025-06-23,DC_W,Product3,372,172,42
24,2025-06-23,DC_W,Product4,408,179,0
24,2025-06-23,DC_W,Product5,214,186,38
24,2025-06-23,DC_C,Product1,380,163,47
24,2025-06-23,DC_C,Product2,508,176,38
24,2025-06-23,DC_C,Product3,267,175,9
24,2025-06-23,DC_C,Product4,557,118,33
24,2025-06-23,DC_C,Product5,398,64,14
24,2025-06-23,DC_E,Product1,593,194,16
24,2025-06-23,DC_E,Product2,598,176,30
24,2025-06-23,DC_E,Product3,216,185,27
24,2025-06-23,DC_E,Product4,547,175,41
24,2025-06-23,DC_E,Product5,479,93,16
25,2025-06-30,DC_W,Product1,323,53,29
25,2025-06-30,DC_W,Product2,479,178,7
25,2025-06-30,DC_W,Product3,417,51,4
25,2025-06-30,DC_W,Product4,221,158,4
25,2025-06-30,DC_W,Product5,486,87,43
25,2025-06-30,DC_C,Product1,525,193,44
25,2025-06-30,DC_C,Product2,573,178,34
25,2025-06-30,DC_C,Product3,268,90,10
25,2025-06-30,DC_C,Product4,441,125,43
25,2025-06-30,DC_C,Product5,581,110,25
25,2025-06-30,DC_E,Product1,588,91,39
25,2025-06-30,DC_E,Product2,290,152,12
25,2025-06-30,DC_E,Product3,553,134,9
25,2025-06-30,DC_E,Product4,289,124,48
25,2025-06-30,DC_E,Product5,507,123,16
26,2025-07-07,DC_W,Product1,419,162,39
26,2025-07-07,DC_W,Product2,329,158,32
26,2025-07-07,DC_W,Product3,583,189,39
26,2025-07-07,DC_W,Product4,489,91,42
26,2025-07-07,DC_W,Product5,371,90,19
26,2025-07-07,DC_C,Product1,534,72,22
26,2025-07-07,DC_C,Product2,396,55,9
26,2025-07-07,DC_C,Product3,530,174,14
26,2025-07-07,DC_C,Product4,549,165,20
26,2025-07-07,DC_C,Product5,499,194,22
26,2025-07-07,DC_E,Product1,295,191,30
26,2025-07-07,DC_E,Product2,242,135,25
26,2025-07-07,DC_E,Product3,542,129,12
26,2025-07-07,DC_E,Product4,470,131,11
26,2025-07-07,DC_E,Product5,429,173,1
27,2025-07-14,DC_W,Product1,452,102,14
27,2025-07-14,DC_W,Product2,357,101,41
27,2025-07-14,DC_W,Product3,309,159,4
27,2025-07-14,DC_W,Product4,580,143,35
27,2025-07-14,DC_W,Product5,319,111,11
27,2025-07-14,DC_C,Product1,573,123,31
27,2025-07-14,DC_C,Product2,493,105,36
27,2025-07-14,DC_C,Product3,470,155,24
27,2025-07-14,DC_C,Product4,353,83,41
27,2025-07-14,DC_C,Product5,443,116,47
27,2025-07-14,DC_E,Product1,219,177,49
27,2025-07-14,DC_E,Product2,554,171,18
27,2025-07-14,DC_E,Product3,292,160,15
27,2025-07-14,DC_E,Product4,270,167,15
27,2025-07-14,DC_E,Product5,565,176,42
28,2025-07-21,DC_W,Product1,508,182,40
28,2025-07-21,DC_W,Product2,441,94,44
28,2025-07-21,DC_W,Product3,536,120,1
28,2025-07-21,DC_W,Product4,455,57,46
28,2025-07-21,DC_W,Product5,584,78,33
28,2025-07-21,DC_C,Product1,236,159,17
28,2025-07-21,DC_C,Product2,472,105,7
28,2025-07-21,DC_C,Product3,362,66,28
28,2025-07-21,DC_C,Product4,216,129,44
28,2025-07-21,DC_C,Product5,535,182,46
28,2025-07-21,DC_E,Product1,241,69,27
28,2025-07-21,DC_E,Product2,557,196,2
28,2025-07-21,DC_E,Product3,342,81,37
28,2025-07-21,DC_E,Product4,456,67,24
28,2025-07-21,DC_E,Product5,474,166,1
29,2025-07-28,DC_W,Product1,556,135,40
29,2025-07-28,DC_W,Product2,523,78,5
29,2025-07-28,DC_W,Product3,488,73,42
29,2025-07-28,DC_W,Product4,490,176,14
29,2025-07-28,DC_W,Product5,326,150,1
29,2025-07-28,DC_C,Product1,490,175,20
29,2025-07-28,DC_C,Product2,505,76,16
29,2025-07-28,DC_C,Product3,589,197,25
29,2025-07-28,DC_C,Product4,573,128,14
29,2025-07-28,DC_C,Product5,306,189,8
29,2025-07-28,DC_E,Product1,431,133,36
29,2025-07-28,DC_E,Product2,399,90,8
29,2025-07-28,DC_E,Product3,448,157,28
29,2025-07-28,DC_E,Product4,495,71,44
29,2025-07-28,DC_E,Product5,432,69,23
30,2025-08-04,DC_W,Product1,537,184,13
30,2025-08-04,DC_W,Product2,484,64,1
30,2025-08-04,DC_W,Product3,424,154,39
30,2025-08-04,DC_W,Product4,336,50,23
30,2025-08-04,DC_W,Product5,206,63,16
30,2025-08-04,DC_C,Product1,374,91,29
30,2025-08-04,DC_C,Product2,222,71,34
30,2025-08-04,DC_C,Product3,256,145,2
30,2025-08-04,DC_C,Product4,362,76,5
30,2025-08-04,DC_C,Product5,426,189,2
30,2025-08-04,DC_E,Product1,368,156,23
30,2025-08-04,DC_E,Product2,522,76,47
30,2025-08-04,DC_E,Product3,354,101,43
30,2025-08-04,DC_E,Product4,425,127,36
30,2025-08-04,DC_E,Product5,431,74,33
31,2025-08-11,DC_W,Product1,253,170,49
31,2025-08-11,DC_W,Product2,350,116,2
31,2025-08-11,DC_W,Product3,205,188,6
31,2025-08-11,DC_W,Product4,378,172,44
31,2025-08-11,DC_W,Product5,407,134,33
31,2025-08-11,DC_C,Product1,584,140,27
31,2025-08-11,DC_C,Product2,205,62,28
31,2025-08-11,DC_C,Product3,574,180,49
31,2025-08-11,DC_C,Product4,411,168,42
31,2025-08-11,DC_C,Product5,459,100,23
31,2025-08-11,DC_E,Product1,543,94,46
31,2025-08-11,DC_E,Product2,291,162,31
31,2025-08-11,DC_E,Product3,499,115,46
31,2025-08-11,DC_E,Product4,452,93,31
31,2025-08-11,DC_E,Product5,314,94,19
32,2025-08-18,DC_W,Product1,540,125,33
32,2025-08-18,DC_W,Product2,356,89,47
32,2025-08-18,DC_W,Product3,441,190,10
32,2025-08-18,DC_W,Product4,258,178,34
32,2025-08-18,DC_W,Product5,274,90,40
32,2025-08-18,DC_C,Product1,381,150,15
32,2025-08-18,DC_C,Product2,352,198,12
32,2025-08-18,DC_C,Product3,402,176,11
32,2025-08-18,DC_C,Product4,366,142,24
32,2025-08-18,DC_C,Product5,383,104,29
32,2025-08-18,DC_E,Product1,449,147,3
32,2025-08-18,DC_E,Product2,452,192,27
32,2025-08-18,DC_E,Product3,486,133,42
32,2025-08-18,DC_E,Product4,571,77,21
32,2025-08-18,DC_E,Product5,356,110,6
33,2025-08-25,DC_W,Product1,525,55,26
33,2025-08-25,DC_W,Product2,464,81,45
33,2025-08-25,DC_W,Product3,535,120,20
33,2025-08-25,DC_W,Product4,294,159,6
33,2025-08-25,DC_W,Product5,472,176,11
33,2025-08-25,DC_C,Product1,546,54,45
33,2025-08-25,DC_C,Product2,247,146,12
33,2025-08-25,DC_C,Product3,534,126,6
33,2025-08-25,DC_C,Product4,428,111,33
33,2025-08-25,DC_C,Product5,552,111,14
33,2025-08-25,DC_E,Product1,205,136,20
33,2025-08-25,DC_E,Product2,349,77,21
33,2025-08-25,DC_E,Product3,593,94,29
33,2025-08-25,DC_E,Product4,510,162,16
33,2025-08-25,DC_E,Product5,444,180,0
34,2025-09-01,DC_W,Product1,374,83,19
34,2025-09-01,DC_W,Product2,366,162,4
34,2025-09-01,DC_W,Product3,405,134,24
34,2025-09-01,DC_W,Product4,492,107,47
34,2025-09-01,DC_W,Product5,392,135,41
34,2025-09-01,DC_C,Product1,310,61,35
34,2025-09-01,DC_C,Product2,393,184,49
34,2025-09-01,DC_C,Product3,359,112,20
34,2025-09-01,DC_C,Product4,329,167,37
34,2025-09-01,DC_C,Product5,391,56,15
34,2025-09-01,DC_E,Product1,316,171,4
34,2025-09-01,DC_E,Product2,522,150,36
34,2025-09-01,DC_E,Product3,372,151,30
34,2025-09-01,DC_E,Product4,507,117,23
34,2025-09-01,DC_E,Product5,457,66,21
35,2025-09-08,DC_W,Product1,588,55,15
35,2025-09-08,DC_W,Product2,325,145,5
35,2025-09-08,DC_W,Product3,451,64,4
35,2025-09-08,DC_W,Product4,491,98,48
35,2025-09-08,DC_W,Product5,214,116,5
35,2025-09-08,DC_C,Product1,340,199,44
35,2025-09-08,DC_C,Product2,219,134,32
35,2025-09-08,DC_C,Product3,283,71,45
35,2025-09-08,DC_C,Product4,587,198,39
35,2025-09-08,DC_C,Product5,465,101,8
35,2025-09-08,DC_E,Product1,231,153,39
35,2025-09-08,DC_E,Product2,530,187,43
35,2025-09-08,DC_E,Product3,599,86,38
35,2025-09-08,DC_E,Product4,434,89,49
35,2025-09-08,DC_E,Product5,559,69,1
36,2025-09-15,DC_W,Product1,475,140,46
36,2025-09-15,DC_W,Product2,293,62,12
36,2025-09-15,DC_W,Product3,207,55,45
36,2025-09-15,DC_W,Product4,340,111,0
36,2025-09-15,DC_W,Product5,308,170,30
36,2025-09-15,DC_C,Product1,501,117,15
36,2025-09-15,DC_C,Product2,393,98,41
36,2025-09-15,DC_C,Product3,319,148,6
36,2025-09-15,DC_C,Product4,474,186,30
36,2025-09-15,DC_C,Product5,423,194,31
36,2025-09-15,DC_E,Product1,303,93,35
36,2025-09-15,DC_E,Product2,494,95,17
36,2025-09-15,DC_E,Product3,596,65,20
36,2025-09-15,DC_E,Product4,224,173,4
36,2025-09-15,DC_E,Product5,469,58,33
37,2025-09-22,DC_W,Product1,537,109,26
37,2025-09-22,DC_W,Product2,360,95,40
37,2025-09-22,DC_W,Product3,308,158,10
37,2025-09-22,DC_W,Product4,299,100,29
37,2025-09-22,DC_W,Product5,381,161,10
37,2025-09-22,DC_C,Product1,204,166,41
37,2025-09-22,DC_C,Product2,223,141,18
37,2025-09-22,DC_C,Product3,517,181,42
37,2025-09-22,DC_C,Product4,510,90,40
37,2025-09-22,DC_C,Product5,413,57,22
37,2025-09-22,DC_E,Product1,576,183,5
37,2025-09-22,DC_E,Product2,497,170,13
37,2025-09-22,DC_E,Product3,388,156,21
37,2025-09-22,DC_E,Product4,245,155,45
37,2025-09-22,DC_E,Product5,460,166,17
38,2025-09-29,DC_W,Product1,273,146,16
38,2025-09-29,DC_W,Product2,544,68,21
38,2025-09-29,DC_W,Product3,358,190,7
38,2025-09-29,DC_W,Product4,203,85,41
38,2025-09-29,DC_W,Product5,283,86,6
38,2025-09-29,DC_C,Product1,486,60,16
38,2025-09-29,DC_C,Product2,312,133,36
38,2025-09-29,DC_C,Product3,413,189,47
38,2025-09-29,DC_C,Product4,344,166,36
38,2025-09-29,DC_C,Product5,557,117,26
38,2025-09-29,DC_E,Product1,366,177,11
38,2025-09-29,DC_E,Product2,295,105,11
38,2025-09-29,DC_E,Product3,424,70,16
38,2025-09-29,DC_E,Product4,565,111,37
38,2025-09-29,DC_E,Product5,245,87,40
39,2025-10-06,DC_W,Product1,505,107,47
39,2025-10-06,DC_W,Product2,564,194,21
39,2025-10-06,DC_W,Product3,278,143,34
39,2025-10-06,DC_W,Product4,250,167,0
39,2025-10-06,DC_W,Product5,393,99,37
39,2025-10-06,DC_C,Product1,325,174,29
39,2025-10-06,DC_C,Product2,517,198,33
39,2025-10-06,DC_C,Product3,593,54,16
39,2025-10-06,DC_C,Product4,243,89,41
39,2025-10-06,DC_C,Product5,212,128,28
39,2025-10-06,DC_E,Product1,424,121,39
39,2025-10-06,DC_E,Product2,253,96,30
39,2025-10-06,DC_E,Product3,476,110,43
39,2025-10-06,DC_E,Product4,366,110,1
39,2025-10-06,DC_E,Product5,420,156,5
40,2025-10-13,DC_W,Product1,322,167,18
40,2025-10-13,DC_W,Product2,296,150,9
40,2025-10-13,DC_W,Product3,558,65,35
40,2025-10-13,DC_W,Product4,399,180,6
40,2025-10-13,DC_W,Product5,471,135,24
40,2025-10-13,DC_C,Product1,396,158,46
40,2025-10-13,DC_C,Product2,236,52,40
40,2025-10-13,DC_C,Product3,243,198,30
40,2025-10-13,DC_C,Product4,460,79,12
40,2025-10-13,DC_C,Product5,463,186,49
40,2025-10-13,DC_E,Product1,279,70,2
40,2025-10-13,DC_E,Product2,547,94,0
40,2025-10-13,DC_E,Product3,289,101,49
40,2025-10-13,DC_E,Product4,409,80,16
40,2025-10-13,DC_E,Product5,332,52,6
41,2025-10-20,DC_W,Product1,478,68,11
41,2025-10-20,DC_W,Product2,340,163,29
41,2025-10-20,DC_W,Product3,475,135,34
41,2025-10-20,DC_W,Product4,201,189,5
41,2025-10-20,DC_W,Product5,362,165,21
41,2025-10-20,DC_C,Product1,578,120,43
41,2025-10-20,DC_C,Product2,524,197,46
41,2025-10-20,DC_C,Product3,559,159,18
41,2025-10-20,DC_C,Product4,242,153,48
41,2025-10-20,DC_C,Product5,490,189,40
41,2025-10-20,DC_E,Product1,265,87,17
41,2025-10-20,DC_E,Product2,267,137,48
41,2025-10-20,DC_E,Product3,504,113,0
41,2025-10-20,DC_E,Product4,325,129,16
41,2025-10-20,DC_E,Product5,244,116,12
42,2025-10-27,DC_W,Product1,563,65,2
42,2025-10-27,DC_W,Product2,202,99,33
42,2025-10-27,DC_W,Product3,492,117,34
42,2025-10-27,DC_W,Product4,343,150,2
42,2025-10-27,DC_W,Product5,356,168,40
42,2025-10-27,DC_C,Product1,486,80,12
42,2025-10-27,DC_C,Product2,598,65,9
42,2025-10-27,DC_C,Product3,252,99,10
42,2025-10-27,DC_C,Product4,399,121,45
42,2025-10-27,DC_C,Product5,213,97,29
42,2025-10-27,DC_E,Product1,441,122,40
42,2025-10-27,DC_E,Product2,225,172,24
42,2025-10-27,DC_E,Product3,253,182,32
42,2025-10-27,DC_E,Product4,265,55,7
42,2025-10-27,DC_E,Product5,443,76,11
43,2025-11-03,DC_W,Product1,210,158,40
43,2025-11-03,DC_W,Product2,518,69,45
43,2025-11-03,DC_W,Product3,468,184,22
43,2025-11-03,DC_W,Product4,374,167,4
43,2025-11-03,DC_W,Product5,408,175,41
43,2025-11-03,DC_C,Product1,582,154,10
43,2025-11-03,DC_C,Product2,208,121,25
43,2025-11-03,DC_C,Product3,296,68,29
43,2025-11-03,DC_C,Product4,505,198,37
43,2025-11-03,DC_C,Product5,517,142,49
43,2025-11-03,DC_E,Product1,455,179,47
43,2025-11-03,DC_E,Product2,571,107,3
43,2025-11-03,DC_E,Product3,268,58,5
43,2025-11-03,DC_E,Product4,273,101,27
43,2025-11-03,DC_E,Product5,484,81,33
44,2025-11-10,DC_W,Product1,481,133,45
44,2025-11-10,DC_W,Product2,244,76,21
44,2025-11-10,DC_W,Product3,250,134,19
44,2025-11-10,DC_W,Product4,313,75,16
44,2025-11-10,DC_W,Product5,443,136,8
44,2025-11-10,DC_C,Product1,249,54,0
44,2025-11-10,DC_C,Product2,551,56,36
44,2025-11-10,DC_C,Product3,548,64,21
44,2025-11-10,DC_C,Product4,584,175,24
44,2025-11-10,DC_C,Product5,505,175,17
44,2025-11-10,DC_E,Product1,556,120,26
44,2025-11-10,DC_E,Product2,599,176,18
44,2025-11-10,DC_E,Product3,204,143,35
44,2025-11-10,DC_E,Product4,460,195,43
44,2025-11-10,DC_E,Product5,379,59,23
45,2025-11-17,DC_W,Product1,475,141,26
45,2025-11-17,DC_W,Product2,387,94,13
45,2025-11-17,DC_W,Product3,400,74,17
45,2025-11-17,DC_W,Product4,329,138,3
45,2025-11-17,DC_W,Product5,531,134,33
45,2025-11-17,DC_C,Product1,481,93,23
45,2025-11-17,DC_C,Product2,582,165,48
45,2025-11-17,DC_C,Product3,498,76,3
45,2025-11-17,DC_C,Product4,431,103,13
45,2025-11-17,DC_C,Product5,522,105,15
45,2025-11-17,DC_E,Product1,539,176,17
45,2025-11-17,DC_E,Product2,532,177,21
45,2025-11-17,DC_E,Product3,226,50,26
45,2025-11-17,DC_E,Product4,337,199,38
45,2025-11-17,DC_E,Product5,504,193,44
46,2025-11-24,DC_W,Product1,327,74,37
46,2025-11-24,DC_W,Product2,351,120,31
46,2025-11-24,DC_W,Product3,563,112,39
46,2025-11-24,DC_W,Product4,307,154,0
46,2025-11-24,DC_W,Product5,548,54,35
46,2025-11-24,DC_C,Product1,218,89,24
46,2025-11-24,DC_C,Product2,367,78,16
46,2025-11-24,DC_C,Product3,491,150,3
46,2025-11-24,DC_C,Product4,498,57,27
46,2025-11-24,DC_C,Product5,304,138,13
46,2025-11-24,DC_E,Product1,593,96,12
46,2025-11-24,DC_E,Product2,311,184,31
46,2025-11-24,DC_E,Product3,492,187,45
46,2025-11-24,DC_E,Product4,495,79,42
46,2025-11-24,DC_E,Product5,281,161,34
47,2025-12-01,DC_W,Product1,503,129,31
47,2025-12-01,DC_W,Product2,581,65,15
47,2025-12-01,DC_W,Product3,444,194,4
47,2025-12-01,DC_W,Product4,209,58,2
47,2025-12-01,DC_W,Product5,563,158,33
47,2025-12-01,DC_C,Product1,409,167,7
47,2025-12-01,DC_C,Product2,356,123,5
47,2025-12-01,DC_C,Product3,367,97,1
47,2025-12-01,DC_C,Product4,254,164,0
47,2025-12-01,DC_C,Product5,573,62,39
47,2025-12-01,DC_E,Product1,559,191,43
47,2025-12-01,DC_E,Product2,315,99,21
47,2025-12-01,DC_E,Product3,255,53,43
47,2025-12-01,DC_E,Product4,421,141,46
47,2025-12-01,DC_E,Product5,466,153,39
48,2025-12-08,DC_W,Product1,246,104,48
48,2025-12-08,DC_W,Product2,569,182,22
48,2025-12-08,DC_W,Product3,542,57,7
48,2025-12-08,DC_W,Product4,365,122,13
48,2025-12-08,DC_W,Product5,342,74,24
48,2025-12-08,DC_C,Product1,517,149,5
48,2025-12-08,DC_C,Product2,395,154,26
48,2025-12-08,DC_C,Product3,356,143,48
48,2025-12-08,DC_C,Product4,237,108,20
48,2025-12-08,DC_C,Product5,430,72,8
48,2025-12-08,DC_E,Product1,314,193,36
48,2025-12-08,DC_E,Product2,464,172,6
48,2025-12-08,DC_E,Product3,543,139,16
48,2025-12-08,DC_E,Product4,526,170,42
48,2025-12-08,DC_E,Product5,246,195,47
49,2025-12-15,DC_W,Product1,342,59,8
49,2025-12-15,DC_W,Product2,597,134,17
49,2025-12-15,DC_W,Product3,315,88,33
49,2025-12-15,DC_W,Product4,367,194,34
49,2025-12-15,DC_W,Product5,516,93,3
49,2025-12-15,DC_C,Product1,395,97,10
49,2025-12-15,DC_C,Product2,581,116,8
49,2025-12-15,DC_C,Product3,279,92,49
49,2025-12-15,DC_C,Product4,307,99,32
49,2025-12-15,DC_C,Product5,317,82,7
49,2025-12-15,DC_E,Product1,325,65,0
49,2025-12-15,DC_E,Product2,521,70,38
49,2025-12-15,DC_E,Product3,519,130,15
49,2025-12-15,DC_E,Product4,258,160,30
49,2025-12-15,DC_E,Product5,462,51,46
50,2025-12-22,DC_W,Product1,226,105,20
50,2025-12-22,DC_W,Product2,200,124,37
50,2025-12-22,DC_W,Product3,529,181,24
50,2025-12-22,DC_W,Product4,452,61,24
50,2025-12-22,DC_W,Product5,261,105,16
50,2025-12-22,DC_C,Product1,369,135,45
50,2025-12-22,DC_C,Product2,357,197,37
50,2025-12-22,DC_C,Product3,404,146,5
50,2025-12-22,DC_C,Product4,537,137,49
50,2025-12-22,DC_C,Product5,454,175,39
50,2025-12-22,DC_E,Product1,338,88,21
50,2025-12-22,DC_E,Product2,386,86,44
50,2025-12-22,DC_E,Product3,417,196,40
50,2025-12-22,DC_E,Product4,422,192,25
50,2025-12-22,DC_E,Product5,554,103,18
51,2025-12-29,DC_W,Product1,367,131,27
51,2025-12-29,DC_W,Product2,398,95,46
51,2025-12-29,DC_W,Product3,435,111,32
51,2025-12-29,DC_W,Product4,507,194,24
51,2025-12-29,DC_W,Product5,244,116,23
51,2025-12-29,DC_C,Product1,558,109,47
51,2025-12-29,DC_C,Product2,394,196,0
51,2025-12-29,DC_C,Product3,559,189,48
51,2025-12-29,DC_C,Product4,205,75,32
51,2025-12-29,DC_C,Product5,210,59,11
51,2025-12-29,DC_E,Product1,404,131,1
51,2025-12-29,DC_E,Product2,268,124,29
51,2025-12-29,DC_E,Product3,259,109,45
51,2025-12-29,DC_E,Product4,599,198,44
51,2025-12-29,DC_E,Product5,357,152,20
52,2026-01-05,DC_W,Product1,459,96,30
52,2026-01-05,DC_W,Product2,409,53,39
52,2026-01-05,DC_W,Product3,204,93,0
52,2026-01-05,DC_W,Product4,350,59,45
52,2026-01-05,DC_W,Product5,366,118,17
52,2026-01-05,DC_C,Product1,451,167,32
52,2026-01-05,DC_C,Product2,499,185,43
52,2026-01-05,DC_C,Product3,469,82,31
52,2026-01-05,DC_C,Product4,402,157,41
52,2026-01-05,DC_C,Product5,497,176,3
52,2026-01-05,DC_E,Product1,212,88,45
52,2026-01-05,DC_E,Product2,529,152,35
52,2026-01-05,DC_E,Product3,490,191,41
52,2026-01-05,DC_E,Product4,449,149,10
52,2026-01-05,DC_E,Product5,462,113,7
53,2026-01-12,DC_W,Product1,522,126,48
53,2026-01-12,DC_W,Product2,312,122,22
53,2026-01-12,DC_W,Product3,248,113,14
53,2026-01-12,DC_W,Product4,264,92,11
53,2026-01-12,DC_W,Product5,493,54,30
53,2026-01-12,DC_C,Product1,504,122,46
53,2026-01-12,DC_C,Product2,483,162,9
53,2026-01-12,DC_C,Product3,510,174,18
53,2026-01-12,DC_C,Product4,285,107,36
53,2026-01-12,DC_C,Product5,367,160,5
53,2026-01-12,DC_E,Product1,522,87,12
53,2026-01-12,DC_E,Product2,436,60,1
53,2026-01-12,DC_E,Product3,304,130,45
53,2026-01-12,DC_E,Product4,538,123,1
53,2026-01-12,DC_E,Product5,414,155,16
54,2026-01-19,DC_W,Product1,244,91,38
54,2026-01-19,DC_W,Product2,340,171,15
54,2026-01-19,DC_W,Product3,265,115,22
54,2026-01-19,DC_W,Product4,206,67,9
54,2026-01-19,DC_W,Product5,245,101,48
54,2026-01-19,DC_C,Product1,403,144,17
54,2026-01-19,DC_C,Product2,329,53,25
54,2026-01-19,DC_C,Product3,393,73,38
54,2026-01-19,DC_C,Product4,397,100,7
54,2026-01-19,DC_C,Product5,420,162,14
54,2026-01-19,DC_E,Product1,287,128,7
54,2026-01-19,DC_E,Product2,466,140,4
54,2026-01-19,DC_E,Product3,214,143,14
54,2026-01-19,DC_E,Product4,234,163,15
54,2026-01-19,DC_E,Product5,383,85,31
55,2026-01-26,DC_W,Product1,320,195,35
55,2026-01-26,DC_W,Product2,254,112,19
55,2026-01-26,DC_W,Product3,413,176,29
55,2026-01-26,DC_W,Product4,224,148,0
55,2026-01-26,DC_W,Product5,511,149,15
55,2026-01-26,DC_C,Product1,316,169,39
55,2026-01-26,DC_C,Product2,340,94,27
55,2026-01-26,DC_C,Product3,203,62,6
55,2026-01-26,DC_C,Product4,274,126,49
55,2026-01-26,DC_C,Product5,461,59,26
55,2026-01-26,DC_E,Product1,398,71,46
55,2026-01-26,DC_E,Product2,376,199,21
55,2026-01-26,DC_E,Product3,443,65,22
55,2026-01-26,DC_E,Product4,295,175,39
55,2026-01-26,DC_E,Product5,529,158,41
56,2026-02-02,DC_W,Product1,280,117,34
56,2026-02-02,DC_W,Product2,454,157,11
56,2026-02-02,DC_W,Product3,239,187,28
56,2026-02-02,DC_W,Product4,261,169,45
56,2026-02-02,DC_W,Product5,267,172,46
56,2026-02-02,DC_C,Product1,575,187,27
56,2026-02-02,DC_C,Product2,342,51,3
56,2026-02-02,DC_C,Product3,371,109,9
56,2026-02-02,DC_C,Product4,358,76,42
56,2026-02-02,DC_C,Product5,319,139,25
56,2026-02-02,DC_E,Product1,220,191,26
56,2026-02-02,DC_E,Product2,330,73,16
56,2026-02-02,DC_E,Product3,208,104,26
56,2026-02-02,DC_E,Product4,548,153,5
56,2026-02-02,DC_E,Product5,259,114,9
57,2026-02-09,DC_W,Product1,211,170,0
57,2026-02-09,DC_W,Product2,532,71,48
57,2026-02-09,DC_W,Product3,441,160,5
57,2026-02-09,DC_W,Product4,544,175,32
57,2026-02-09,DC_W,Product5,400,158,0
57,2026-02-09,DC_C,Product1,436,177,17
57,2026-02-09,DC_C,Product2,243,113,36
57,2026-02-09,DC_C,Product3,242,80,7
57,2026-02-09,DC_C,Product4,518,59,34
57,2026-02-09,DC_C,Product5,346,163,48
57,2026-02-09,DC_E,Product1,245,97,40
57,2026-02-09,DC_E,Product2,306,82,41
57,2026-02-09,DC_E,Product3,594,133,13
57,2026-02-09,DC_E,Product4,359,75,38
57,2026-02-09,DC_E,Product5,509,181,1
58,2026-02-16,DC_W,Product1,424,82,17
58,2026-02-16,DC_W,Product2,513,78,31
58,2026-02-16,DC_W,Product3,461,193,38
58,2026-02-16,DC_W,Product4,521,129,9
58,2026-02-16,DC_W,Product5,370,132,33
58,2026-02-16,DC_C,Product1,443,109,13
58,2026-02-16,DC_C,Product2,267,154,32
58,2026-02-16,DC_C,Product3,474,105,13
58,2026-02-16,DC_C,Product4,503,166,22
58,2026-02-16,DC_C,Product5,444,106,35
58,2026-02-16,DC_E,Product1,534,153,25
58,2026-02-16,DC_E,Product2,383,146,33
58,2026-02-16,DC_E,Product3,423,143,4
58,2026-02-16,DC_E,Product4,580,168,18
58,2026-02-16,DC_E,Product5,425,57,2
59,2026-02-23,DC_W,Product1,300,153,42
59,2026-02-23,DC_W,Product2,423,129,20
59,2026-02-23,DC_W,Product3,264,67,38
59,2026-02-23,DC_W,Product4,571,118,32
59,2026-02-23,DC_W,Product5,565,63,38
59,2026-02-23,DC_C,Product1,446,139,14
59,2026-02-23,DC_C,Product2,473,169,5
59,2026-02-23,DC_C,Product3,413,65,43
59,2026-02-23,DC_C,Product4,403,171,18
59,2026-02-23,DC_C,Product5,250,56,14
59,2026-02-23,DC_E,Product1,297,134,1
59,2026-02-23,DC_E,Product2,408,108,28
59,2026-02-23,DC_E,Product3,480,145,49
59,2026-02-23,DC_E,Product4,255,114,21
59,2026-02-23,DC_E,Product5,366,149,24
60,2026-03-02,DC_W,Product1,406,114,49
60,2026-03-02,DC_W,Product2,571,96,5
60,2026-03-02,DC_W,Product3,535,199,14
60,2026-03-02,DC_W,Product4,343,191,35
60,2026-03-02,DC_W,Product5,318,137,47
60,2026-03-02,DC_C,Product1,524,161,36
60,2026-03-02,DC_C,Product2,271,173,13
60,2026-03-02,DC_C,Product3,572,104,42
60,2026-03-02,DC_C,Product4,306,127,5
60,2026-03-02,DC_C,Product5,464,175,35
60,2026-03-02,DC_E,Product1,409,56,46
60,2026-03-02,DC_E,Product2,482,161,39
60,2026-03-02,DC_E,Product3,499,116,36
60,2026-03-02,DC_E,Product4,450,178,40
60,2026-03-02,DC_E,Product5,216,106,1
61,2026-03-09,DC_W,Product1,240,140,43
61,2026-03-09,DC_W,Product2,247,117,45
61,2026-03-09,DC_W,Product3,525,127,38
61,2026-03-09,DC_W,Product4,409,73,6
61,2026-03-09,DC_W,Product5,275,102,46
61,2026-03-09,DC_C,Product1,519,114,24
61,2026-03-09,DC_C,Product2,306,155,40
61,2026-03-09,DC_C,Product3,295,56,31
61,2026-03-09,DC_C,Product4,425,110,32
61,2026-03-09,DC_C,Product5,420,87,19
61,2026-03-09,DC_E,Product1,371,182,48
61,2026-03-09,DC_E,Product2,557,157,29
61,2026-03-09,DC_E,Product3,475,190,12
61,2026-03-09,DC_E,Product4,414,153,33
61,2026-03-09,DC_E,Product5,300,138,39
62,2026-03-16,DC_W,Product1,390,168,17
62,2026-03-16,DC_W,Product2,575,130,29
62,2026-03-16,DC_W,Product3,212,75,31
62,2026-03-16,DC_W,Product4,367,126,3
62,2026-03-16,DC_W,Product5,533,167,9
62,2026-03-16,DC_C,Product1,453,172,32
62,2026-03-16,DC_C,Product2,324,148,10
62,2026-03-16,DC_C,Product3,327,86,27
62,2026-03-16,DC_C,Product4,243,189,16
62,2026-03-16,DC_C,Product5,287,124,13
62,2026-03-16,DC_E,Product1,413,102,6
62,2026-03-16,DC_E,Product2,306,115,1
62,2026-03-16,DC_E,Product3,508,143,30
62,2026-03-16,DC_E,Product4,418,138,46
62,2026-03-16,DC_E,Product5,203,57,9
63,2026-03-23,DC_W,Product1,266,77,33
63,2026-03-23,DC_W,Product2,383,198,11
63,2026-03-23,DC_W,Product3,324,197,41
63,2026-03-23,DC_W,Product4,387,133,42
63,2026-03-23,DC_W,Product5,392,80,41
63,2026-03-23,DC_C,Product1,415,72,25
63,2026-03-23,DC_C,Product2,365,181,6
63,2026-03-23,DC_C,Product3,550,126,20
63,2026-03-23,DC_C,Product4,264,155,46
63,2026-03-23,DC_C,Product5,350,86,27
63,2026-03-23,DC_E,Product1,518,50,31
63,2026-03-23,DC_E,Product2,438,97,22
63,2026-03-23,DC_E,Product3,298,168,31
63,2026-03-23,DC_E,Product4,413,108,14
63,2026-03-23,DC_E,Product5,529,117,25
64,2026-03-30,DC_W,Product1,408,117,12
64,2026-03-30,DC_W,Product2,248,64,37
64,2026-03-30,DC_W,Product3,289,58,39
64,2026-03-30,DC_W,Product4,261,143,16
64,2026-03-30,DC_W,Product5,250,112,0
64,2026-03-30,DC_C,Product1,536,127,6
64,2026-03-30,DC_C,Product2,294,117,9
64,2026-03-30,DC_C,Product3,307,130,41
64,2026-03-30,DC_C,Product4,360,157,43
64,2026-03-30,DC_C,Product5,286,171,37
64,2026-03-30,DC_E,Product1,342,198,13
64,2026-03-30,DC_E,Product2,301,165,21
64,2026-03-30,DC_E,Product3,332,76,38
64,2026-03-30,DC_E,Product4,514,134,47
64,2026-03-30,DC_E,Product5,327,82,33
65,2026-04-06,DC_W,Product1,503,83,3
65,2026-04-06,DC_W,Product2,524,196,32
65,2026-04-06,DC_W,Product3,311,199,44
65,2026-04-06,DC_W,Product4,405,173,40
65,2026-04-06,DC_W,Product5,573,176,32
65,2026-04-06,DC_C,Product1,443,120,31
65,2026-04-06,DC_C,Product2,518,195,23
65,2026-04-06,DC_C,Product3,429,116,33
65,2026-04-06,DC_C,Product4,451,52,27
65,2026-04-06,DC_C,Product5,235,53,39
65,2026-04-06,DC_E,Product1,303,101,3
65,2026-04-06,DC_E,Product2,271,164,24
65,2026-04-06,DC_E,Product3,552,109,13
65,2026-04-06,DC_E,Product4,339,156,27
65,2026-04-06,DC_E,Product5,561,140,24
66,2026-04-13,DC_W,Product1,514,192,17
66,2026-04-13,DC_W,Product2,299,142,24
66,2026-04-13,DC_W,Product3,595,119,3
66,2026-04-13,DC_W,Product4,590,176,8
66,2026-04-13,DC_W,Product5,561,101,18
66,2026-04-13,DC_C,Product1,562,129,6
66,2026-04-13,DC_C,Product2,347,158,8
66,2026-04-13,DC_C,Product3,436,154,17
66,2026-04-13,DC_C,Product4,477,182,23
66,2026-04-13,DC_C,Product5,353,87,30
66,2026-04-13,DC_E,Product1,551,98,19
66,2026-04-13,DC_E,Product2,362,134,11
66,2026-04-13,DC_E,Product3,528,94,35
66,2026-04-13,DC_E,Product4,405,137,8
66,2026-04-13,DC_E,Product5,494,78,5
67,2026-04-20,DC_W,Product1,418,156,2
67,2026-04-20,DC_W,Product2,227,170,40
67,2026-04-20,DC_W,Product3,298,142,22
67,2026-04-20,DC_W,Product4,453,179,3
67,2026-04-20,DC_W,Product5,511,123,28
67,2026-04-20,DC_C,Product1,461,188,2
67,2026-04-20,DC_C,Product2,211,76,49
67,2026-04-20,DC_C,Product3,486,142,2
67,2026-04-20,DC_C,Product4,551,171,33
67,2026-04-20,DC_C,Product5,335,60,29
67,2026-04-20,DC_E,Product1,487,64,31
67,2026-04-20,DC_E,Product2,314,164,26
67,2026-04-20,DC_E,Product3,251,128,19
67,2026-04-20,DC_E,Product4,272,176,0
67,2026-04-20,DC_E,Product5,324,51,4
68,2026-04-27,DC_W,Product1,318,58,29
68,2026-04-27,DC_W,Product2,234,155,2
68,2026-04-27,DC_W,Product3,223,95,44
68,2026-04-27,DC_W,Product4,456,165,7
68,2026-04-27,DC_W,Product5,533,51,10
68,2026-04-27,DC_C,Product1,446,106,49
68,2026-04-27,DC_C,Product2,212,199,31
68,2026-04-27,DC_C,Product3,423,58,13
68,2026-04-27,DC_C,Product4,569,103,33
68,2026-04-27,DC_C,Product5,599,89,28
68,2026-04-27,DC_E,Product1,478,74,7
68,2026-04-27,DC_E,Product2,382,107,35
68,2026-04-27,DC_E,Product3,227,195,0
68,2026-04-27,DC_E,Product4,440,134,6
68,2026-04-27,DC_E,Product5,260,168,44
69,2026-05-04,DC_W,Product1,313,115,17
69,2026-05-04,DC_W,Product2,229,150,41
69,2026-05-04,DC_W,Product3,321,198,3
69,2026-05-04,DC_W,Product4,464,117,22
69,2026-05-04,DC_W,Product5,383,88,35
69,2026-05-04,DC_C,Product1,488,92,41
69,2026-05-04,DC_C,Product2,326,158,6
69,2026-05-04,DC_C,Product3,267,97,29
69,2026-05-04,DC_C,Product4,458,109,3
69,2026-05-04,DC_C,Product5,349,153,33
69,2026-05-04,DC_E,Product1,264,51,37
69,2026-05-04,DC_E,Product2,242,62,0
69,2026-05-04,DC_E,Product3,373,125,31
69,2026-05-04,DC_E,Product4,318,156,8
69,2026-05-04,DC_E,Product5,532,135,29
70,2026-05-11,DC_W,Product1,283,61,23
70,2026-05-11,DC_W,Product2,446,64,47
70,2026-05-11,DC_W,Product3,592,131,47
70,2026-05-11,DC_W,Product4,271,53,1
70,2026-05-11,DC_W,Product5,435,59,47
70,2026-05-11,DC_C,Product1,256,95,41
70,2026-05-11,DC_C,Product2,287,86,32
70,2026-05-11,DC_C,Product3,310,82,12
70,2026-05-11,DC_C,Product4,396,194,41
70,2026-05-11,DC_C,Product5,313,104,23
70,2026-05-11,DC_E,Product1,591,75,17
70,2026-05-11,DC_E,Product2,491,194,7
70,2026-05-11,DC_E,Product3,290,83,1
70,2026-05-11,DC_E,Product4,441,150,30
70,2026-05-11,DC_E,Product5,228,60,10
71,2026-05-18,DC_W,Product1,316,167,7
71,2026-05-18,DC_W,Product2,217,109,20
71,2026-05-18,DC_W,Product3,380,174,4
71,2026-05-18,DC_W,Product4,481,100,15
71,2026-05-18,DC_W,Product5,573,87,32
71,2026-05-18,DC_C,Product1,310,126,39
71,2026-05-18,DC_C,Product2,552,175,29
71,2026-05-18,DC_C,Product3,299,149,35
71,2026-05-18,DC_C,Product4,204,115,42
71,2026-05-18,DC_C,Product5,395,96,43
71,2026-05-18,DC_E,Product1,262,80,34
71,2026-05-18,DC_E,Product2,340,156,7
71,2026-05-18,DC_E,Product3,300,73,47
71,2026-05-18,DC_E,Product4,362,100,0
71,2026-05-18,DC_E,Product5,261,113,3
72,2026-05-25,DC_W,Product1,404,118,38
72,2026-05-25,DC_W,Product2,463,116,11
72,2026-05-25,DC_W,Product3,490,156,7
72,2026-05-25,DC_W,Product4,565,59,2
72,2026-05-25,DC_W,Product5,274,186,25
72,2026-05-25,DC_C,Product1,515,84,24
72,2026-05-25,DC_C,Product2,343,174,1
72,2026-05-25,DC_C,Product3,297,72,42
72,2026-05-25,DC_C,Product4,387,110,22
72,2026-05-25,DC_C,Product5,588,177,35
72,2026-05-25,DC_E,Product1,316,74,46
72,2026-05-25,DC_E,Product2,369,91,23
72,2026-05-25,DC_E,Product3,567,108,28
72,2026-05-25,DC_E,Product4,521,114,11
72,2026-05-25,DC_E,Product5,597,193,42
73,2026-06-01,DC_W,Product1,475,94,45
73,2026-06-01,DC_W,Product2,310,170,45
73,2026-06-01,DC_W,Product3,441,170,39
73,2026-06-01,DC_W,Product4,277,150,4
73,2026-06-01,DC_W,Product5,403,74,20
73,2026-06-01,DC_C,Product1,533,198,15
73,2026-06-01,DC_C,Product2,412,126,47
73,2026-06-01,DC_C,Product3,391,154,46
73,2026-06-01,DC_C,Product4,349,185,45
73,2026-06-01,DC_C,Product5,572,90,20
73,2026-06-01,DC_E,Product1,548,103,30
73,2026-06-01,DC_E,Product2,247,58,20
73,2026-06-01,DC_E,Product3,431,108,28
73,2026-06-01,DC_E,Product4,406,152,32
73,2026-06-01,DC_E,Product5,369,113,7
74,2026-06-08,DC_W,Product1,405,138,23
74,2026-06-08,DC_W,Product2,330,158,3
74,2026-06-08,DC_W,Product3,565,53,48
74,2026-06-08,DC_W,Product4,384,111,12
74,2026-06-08,DC_W,Product5,204,91,5
74,2026-06-08,DC_C,Product1,463,97,38
74,2026-06-08,DC_C,Product2,282,185,26
74,2026-06-08,DC_C,Product3,245,110,10
74,2026-06-08,DC_C,Product4,279,125,33
74,2026-06-08,DC_C,Product5,564,125,48
74,2026-06-08,DC_E,Product1,576,179,24
74,2026-06-08,DC_E,Product2,256,82,32
74,2026-06-08,DC_E,Product3,368,72,23
74,2026-06-08,DC_E,Product4,206,160,3
74,2026-06-08,DC_E,Product5,451,168,6
75,2026-06-15,DC_W,Product1,407,166,13
75,2026-06-15,DC_W,Product2,265,100,27
75,2026-06-15,DC_W,Product3,430,69,22
75,2026-06-15,DC_W,Product4,307,176,15
75,2026-06-15,DC_W,Product5,535,114,36
75,2026-06-15,DC_C,Product1,404,143,19
75,2026-06-15,DC_C,Product2,507,113,22
75,2026-06-15,DC_C,Product3,407,174,32
75,2026-06-15,DC_C,Product4,339,150,32
75,2026-06-15,DC_C,Product5,572,176,32
75,2026-06-15,DC_E,Product1,336,166,28
75,2026-06-15,DC_E,Product2,594,87,3
75,2026-06-15,DC_E,Product3,227,146,46
75,2026-06-15,DC_E,Product4,200,158,32
75,2026-06-15,DC_E,Product5,492,103,41
76,2026-06-22,DC_W,Product1,217,163,13
76,2026-06-22,DC_W,Product2,390,173,13
76,2026-06-22,DC_W,Product3,274,152,26
76,2026-06-22,DC_W,Product4,405,88,1
76,2026-06-22,DC_W,Product5,364,65,45
76,2026-06-22,DC_C,Product1,216,114,2
76,2026-06-22,DC_C,Product2,238,148,32
76,2026-06-22,DC_C,Product3,213,50,3
76,2026-06-22,DC_C,Product4,505,137,1
76,2026-06-22,DC_C,Product5,395,156,43
76,2026-06-22,DC_E,Product1,573,99,6
76,2026-06-22,DC_E,Product2,294,166,48
76,2026-06-22,DC_E,Product3,386,95,21
76,2026-06-22,DC_E,Product4,321,88,29
76,2026-06-22,DC_E,Product5,206,88,33
77,2026-06-29,DC_W,Product1,212,62,14
77,2026-06-29,DC_W,Product2,551,164,1
77,2026-06-29,DC_W,Product3,400,91,32
77,2026-06-29,DC_W,Product4,488,179,23
77,2026-06-29,DC_W,Product5,597,196,44
77,2026-06-29,DC_C,Product1,429,109,18
77,2026-06-29,DC_C,Product2,204,87,35
77,2026-06-29,DC_C,Product3,441,187,2
77,2026-06-29,DC_C,Product4,262,168,17
77,2026-06-29,DC_C,Product5,247,199,39
77,2026-06-29,DC_E,Product1,363,173,34
77,2026-06-29,DC_E,Product2,515,172,4
77,2026-06-29,DC_E,Product3,449,51,2
77,2026-06-29,DC_E,Product4,561,129,36
77,2026-06-29,DC_E,Product5,535,192,43
78,2026-07-06,DC_W,Product1,393,100,7
78,2026-07-06,DC_W,Product2,360,104,27
78,2026-07-06,DC_W,Product3,466,196,36
78,2026-07-06,DC_W,Product4,457,100,1
78,2026-07-06,DC_W,Product5,315,165,10
78,2026-07-06,DC_C,Product1,484,136,8
78,2026-07-06,DC_C,Product2,304,124,20
78,2026-07-06,DC_C,Product3,511,160,28
78,2026-07-06,DC_C,Product4,528,134,48
78,2026-07-06,DC_C,Product5,286,157,18
78,2026-07-06,DC_E,Product1,311,77,27
78,2026-07-06,DC_E,Product2,286,80,49
78,2026-07-06,DC_E,Product3,520,162,39
78,2026-07-06,DC_E,Product4,587,135,11
78,2026-07-06,DC_E,Product5,544,161,20
79,2026-07-13,DC_W,Product1,389,111,46
79,2026-07-13,DC_W,Product2,337,194,45
79,2026-07-13,DC_W,Product3,452,136,18
79,2026-07-13,DC_W,Product4,207,69,37
79,2026-07-13,DC_W,Product5,388,72,13
79,2026-07-13,DC_C,Product1,579,105,45
79,2026-07-13,DC_C,Product2,321,131,1
79,2026-07-13,DC_C,Product3,408,145,11
79,2026-07-13,DC_C,Product4,431,147,34
79,2026-07-13,DC_C,Product5,510,96,28
79,2026-07-13,DC_E,Product1,592,184,47
79,2026-07-13,DC_E,Product2,354,168,30
79,2026-07-13,DC_E,Product3,233,173,33
79,2026-07-13,DC_E,Product4,279,61,41
79,2026-07-13,DC_E,Product5,231,63,21
80,2026-07-20,DC_W,Product1,253,187,23
80,2026-07-20,DC_W,Product2,427,189,26
80,2026-07-20,DC_W,Product3,341,169,22
80,2026-07-20,DC_W,Product4,327,158,40
80,2026-07-20,DC_W,Product5,516,196,39
80,2026-07-20,DC_C,Product1,507,178,0
80,2026-07-20,DC_C,Product2,344,160,29
80,2026-07-20,DC_C,Product3,271,95,16
80,2026-07-20,DC_C,Product4,427,174,46
80,2026-07-20,DC_C,Product5,500,176,23
80,2026-07-20,DC_E,Product1,355,108,30
80,2026-07-20,DC_E,Product2,249,136,33
80,2026-07-20,DC_E,Product3,375,192,30
80,2026-07-20,DC_E,Product4,287,121,33
80,2026-07-20,DC_E,Product5,329,61,29
81,2026-07-27,DC_W,Product1,579,122,45
81,2026-07-27,DC_W,Product2,534,72,35
81,2026-07-27,DC_W,Product3,374,87,34
81,2026-07-27,DC_W,Product4,497,76,45
81,2026-07-27,DC_W,Product5,500,190,15
81,2026-07-27,DC_C,Product1,575,105,2
81,2026-07-27,DC_C,Product2,505,155,29
81,2026-07-27,DC_C,Product3,395,54,31
81,2026-07-27,DC_C,Product4,366,134,21
81,2026-07-27,DC_C,Product5,586,140,37
81,2026-07-27,DC_E,Product1,574,138,0
81,2026-07-27,DC_E,Product2,213,155,13
81,2026-07-27,DC_E,Product3,431,80,13
81,2026-07-27,DC_E,Product4,401,196,30
81,2026-07-27,DC_E,Product5,574,193,10
82,2026-08-03,DC_W,Product1,324,165,43
82,2026-08-03,DC_W,Product2,407,198,0
82,2026-08-03,DC_W,Product3,319,143,23
82,2026-08-03,DC_W,Product4,246,105,1
82,2026-08-03,DC_W,Product5,457,183,44
82,2026-08-03,DC_C,Product1,479,119,25
82,2026-08-03,DC_C,Product2,254,101,9
82,2026-08-03,DC_C,Product3,528,187,26
82,2026-08-03,DC_C,Product4,491,68,30
82,2026-08-03,DC_C,Product5,481,117,12
82,2026-08-03,DC_E,Product1,550,161,44
82,2026-08-03,DC_E,Product2,527,198,9
82,2026-08-03,DC_E,Product3,234,100,6
82,2026-08-03,DC_E,Product4,409,144,28
82,2026-08-03,DC_E,Product5,303,186,1
83,2026-08-10,DC_W,Product1,339,157,38
83,2026-08-10,DC_W,Product2,366,52,30
83,2026-08-10,DC_W,Product3,225,66,32
83,2026-08-10,DC_W,Product4,324,102,24
83,2026-08-10,DC_W,Product5,591,194,20
83,2026-08-10,DC_C,Product1,306,95,13
83,2026-08-10,DC_C,Product2,412,141,24
83,2026-08-10,DC_C,Product3,363,81,24
83,2026-08-10,DC_C,Product4,336,131,33
83,2026-08-10,DC_C,Product5,453,119,27
83,2026-08-10,DC_E,Product1,313,53,31
83,2026-08-10,DC_E,Product2,301,150,37
83,2026-08-10,DC_E,Product3,566,193,0
83,2026-08-10,DC_E,Product4,596,152,32
83,2026-08-10,DC_E,Product5,206,179,7
84,2026-08-17,DC_W,Product1,534,52,32
84,2026-08-17,DC_W,Product2,373,80,5
84,2026-08-17,DC_W,Product3,376,68,24
84,2026-08-17,DC_W,Product4,450,174,33
84,2026-08-17,DC_W,Product5,226,96,14
84,2026-08-17,DC_C,Product1,566,180,18
84,2026-08-17,DC_C,Product2,228,184,44
84,2026-08-17,DC_C,Product3,541,176,24
84,2026-08-17,DC_C,Product4,270,121,24
84,2026-08-17,DC_C,Product5,395,130,12
84,2026-08-17,DC_E,Product1,346,115,6
84,2026-08-17,DC_E,Product2,382,171,41
84,2026-08-17,DC_E,Product3,364,127,1
84,2026-08-17,DC_E,Product4,469,110,22
84,2026-08-17,DC_E,Product5,549,119,1
85,2026-08-24,DC_W,Product1,290,121,21
85,2026-08-24,DC_W,Product2,544,131,34
85,2026-08-24,DC_W,Product3,387,115,22
85,2026-08-24,DC_W,Product4,364,130,12
85,2026-08-24,DC_W,Product5,556,99,7
85,2026-08-24,DC_C,Product1,238,52,21
85,2026-08-24,DC_C,Product2,275,53,26
85,2026-08-24,DC_C,Product3,471,62,23
85,2026-08-24,DC_C,Product4,497,197,33
85,2026-08-24,DC_C,Product5,297,157,29
85,2026-08-24,DC_E,Product1,284,177,21
85,2026-08-24,DC_E,Product2,584,158,32
85,2026-08-24,DC_E,Product3,491,121,25
85,2026-08-24,DC_E,Product4,540,152,44
85,2026-08-24,DC_E,Product5,556,196,35
86,2026-08-31,DC_W,Product1,400,74,35
86,2026-08-31,DC_W,Product2,316,92,11
86,2026-08-31,DC_W,Product3,550,180,31
86,2026-08-31,DC_W,Product4,389,150,30
86,2026-08-31,DC_W,Product5,366,106,19
86,2026-08-31,DC_C,Product1,435,147,22
86,2026-08-31,DC_C,Product2,587,62,17
86,2026-08-31,DC_C,Product3,367,52,18
86,2026-08-31,DC_C,Product4,309,125,16
86,2026-08-31,DC_C,Product5,490,126,6
86,2026-08-31,DC_E,Product1,500,64,41
86,2026-08-31,DC_E,Product2,572,98,46
86,2026-08-31,DC_E,Product3,517,188,33
86,2026-08-31,DC_E,Product4,294,184,9
86,2026-08-31,DC_E,Product5,285,90,15
87,2026-09-07,DC_W,Product1,405,157,46
87,2026-09-07,DC_W,Product2,235,193,46
87,2026-09-07,DC_W,Product3,221,104,40
87,2026-09-07,DC_W,Product4,444,166,35
87,2026-09-07,DC_W,Product5,398,56,29
87,2026-09-07,DC_C,Product1,219,140,40
87,2026-09-07,DC_C,Product2,433,199,22
87,2026-09-07,DC_C,Product3,499,150,49
87,2026-09-07,DC_C,Product4,485,74,47
87,2026-09-07,DC_C,Product5,467,58,32
87,2026-09-07,DC_E,Product1,553,136,17
87,2026-09-07,DC_E,Product2,528,167,27
87,2026-09-07,DC_E,Product3,261,87,36
87,2026-09-07,DC_E,Product4,522,91,18
87,2026-09-07,DC_E,Product5,231,157,0
88,2026-09-14,DC_W,Product1,218,50,32
88,2026-09-14,DC_W,Product2,366,94,45
88,2026-09-14,DC_W,Product3,277,108,47
88,2026-09-14,DC_W,Product4,370,133,4
88,2026-09-14,DC_W,Product5,516,113,40
88,2026-09-14,DC_C,Product1,301,113,39
88,2026-09-14,DC_C,Product2,589,58,40
88,2026-09-14,DC_C,Product3,320,132,14
88,2026-09-14,DC_C,Product4,445,103,16
88,2026-09-14,DC_C,Product5,215,72,45
88,2026-09-14,DC_E,Product1,599,167,14
88,2026-09-14,DC_E,Product2,360,160,48
88,2026-09-14,DC_E,Product3,382,174,48
88,2026-09-14,DC_E,Product4,549,84,0
88,2026-09-14,DC_E,Product5,396,129,10
89,2026-09-21,DC_W,Product1,313,164,23
89,2026-09-21,DC_W,Product2,326,143,32
89,2026-09-21,DC_W,Product3,507,73,37
89,2026-09-21,DC_W,Product4,439,58,38
89,2026-09-21,DC_W,Product5,353,99,22
89,2026-09-21,DC_C,Product1,338,100,40
89,2026-09-21,DC_C,Product2,249,195,27
89,2026-09-21,DC_C,Product3,273,69,29
89,2026-09-21,DC_C,Product4,453,57,12
89,2026-09-21,DC_C,Product5,518,57,42
89,2026-09-21,DC_E,Product1,463,115,17
89,2026-09-21,DC_E,Product2,207,173,7
89,2026-09-21,DC_E,Product3,323,135,12
89,2026-09-21,DC_E,Product4,398,171,23
89,2026-09-21,DC_E,Product5,579,177,16
90,2026-09-28,DC_W,Product1,359,113,31
90,2026-09-28,DC_W,Product2,314,195,30
90,2026-09-28,DC_W,Product3,359,146,19
90,2026-09-28,DC_W,Product4,527,135,2
90,2026-09-28,DC_W,Product5,270,179,28
90,2026-09-28,DC_C,Product1,580,60,14
90,2026-09-28,DC_C,Product2,277,133,19
90,2026-09-28,DC_C,Product3,262,146,26
90,2026-09-28,DC_C,Product4,309,121,37
90,2026-09-28,DC_C,Product5,282,93,17
90,2026-09-28,DC_E,Product1,498,177,18
90,2026-09-28,DC_E,Product2,318,183,49
90,2026-09-28,DC_E,Product3,468,198,32
90,2026-09-28,DC_E,Product4,493,108,21
90,2026-09-28,DC_E,Product5,257,173,46
91,2026-10-05,DC_W,Product1,449,101,7
91,2026-10-05,DC_W,Product2,306,88,30
91,2026-10-05,DC_W,Product3,578,57,0
91,2026-10-05,DC_W,Product4,440,92,44
91,2026-10-05,DC_W,Product5,330,93,13
91,2026-10-05,DC_C,Product1,257,137,8
91,2026-10-05,DC_C,Product2,369,119,1
91,2026-10-05,DC_C,Product3,206,128,34
91,2026-10-05,DC_C,Product4,576,76,5
91,2026-10-05,DC_C,Product5,220,115,31
91,2026-10-05,DC_E,Product1,536,152,10
91,2026-10-05,DC_E,Product2,384,186,16
91,2026-10-05,DC_E,Product3,399,193,36
91,2026-10-05,DC_E,Product4,499,87,20
91,2026-10-05,DC_E,Product5,232,140,5
92,2026-10-12,DC_W,Product1,534,172,26
92,2026-10-12,DC_W,Product2,256,53,39
92,2026-10-12,DC_W,Product3,440,156,15
92,2026-10-12,DC_W,Product4,403,162,23
92,2026-10-12,DC_W,Product5,440,168,10
92,2026-10-12,DC_C,Product1,226,129,3
92,2026-10-12,DC_C,Product2,506,157,44
92,2026-10-12,DC_C,Product3,455,60,12
92,2026-10-12,DC_C,Product4,523,75,34
92,2026-10-12,DC_C,Product5,512,99,16
92,2026-10-12,DC_E,Product1,423,179,11
92,2026-10-12,DC_E,Product2,576,139,49
92,2026-10-12,DC_E,Product3,235,68,41
92,2026-10-12,DC_E,Product4,545,116,35
92,2026-10-12,DC_E,Product5,547,56,28
93,2026-10-19,DC_W,Product1,541,109,15
93,2026-10-19,DC_W,Product2,518,100,0
93,2026-10-19,DC_W,Product3,583,138,40
93,2026-10-19,DC_W,Product4,530,59,8
93,2026-10-19,DC_W,Product5,324,98,32
93,2026-10-19,DC_C,Product1,449,124,10
93,2026-10-19,DC_C,Product2,352,131,23
93,2026-10-19,DC_C,Product3,250,147,3
93,2026-10-19,DC_C,Product4,351,156,1
93,2026-10-19,DC_C,Product5,427,100,0
93,2026-10-19,DC_E,Product1,276,191,26
93,2026-10-19,DC_E,Product2,598,128,27
93,2026-10-19,DC_E,Product3,356,96,12
93,2026-10-19,DC_E,Product4,337,118,9
93,2026-10-19,DC_E,Product5,289,90,22
94,2026-10-26,DC_W,Product1,461,178,14
94,2026-10-26,DC_W,Product2,273,106,44
94,2026-10-26,DC_W,Product3,203,151,23
94,2026-10-26,DC_W,Product4,264,98,11
94,2026-10-26,DC_W,Product5,551,122,28
94,2026-10-26,DC_C,Product1,437,145,24
94,2026-10-26,DC_C,Product2,207,100,9
94,2026-10-26,DC_C,Product3,472,58,28
94,2026-10-26,DC_C,Product4,284,192,16
94,2026-10-26,DC_C,Product5,330,188,20
94,2026-10-26,DC_E,Product1,585,53,15
94,2026-10-26,DC_E,Product2,466,183,12
94,2026-10-26,DC_E,Product3,572,139,40
94,2026-10-26,DC_E,Product4,358,81,45
94,2026-10-26,DC_E,Product5,573,124,0
95,2026-11-02,DC_W,Product1,243,135,1
95,2026-11-02,DC_W,Product2,358,95,35
95,2026-11-02,DC_W,Product3,222,123,28
95,2026-11-02,DC_W,Product4,446,110,15
95,2026-11-02,DC_W,Product5,472,177,34
95,2026-11-02,DC_C,Product1,572,157,38
95,2026-11-02,DC_C,Product2,267,112,24
95,2026-11-02,DC_C,Product3,302,129,14
95,2026-11-02,DC_C,Product4,475,120,22
95,2026-11-02,DC_C,Product5,593,108,18
95,2026-11-02,DC_E,Product1,327,184,24
95,2026-11-02,DC_E,Product2,440,77,27
95,2026-11-02,DC_E,Product3,309,159,41
95,2026-11-02,DC_E,Product4,485,159,25
95,2026-11-02,DC_E,Product5,484,113,32
96,2026-11-09,DC_W,Product1,303,60,20
96,2026-11-09,DC_W,Product2,384,88,36
96,2026-11-09,DC_W,Product3,229,83,37
96,2026-11-09,DC_W,Product4,374,155,28
96,2026-11-09,DC_W,Product5,580,139,0
96,2026-11-09,DC_C,Product1,341,71,46
96,2026-11-09,DC_C,Product2,241,108,11
96,2026-11-09,DC_C,Product3,538,96,49
96,2026-11-09,DC_C,Product4,215,69,11
96,2026-11-09,DC_C,Product5,524,181,3
96,2026-11-09,DC_E,Product1,212,161,6
96,2026-11-09,DC_E,Product2,253,53,2
96,2026-11-09,DC_E,Product3,305,59,18
96,2026-11-09,DC_E,Product4,533,98,36
96,2026-11-09,DC_E,Product5,237,148,15
97,2026-11-16,DC_W,Product1,499,70,44
97,2026-11-16,DC_W,Product2,297,102,47
97,2026-11-16,DC_W,Product3,431,104,47
97,2026-11-16,DC_W,Product4,331,64,49
97,2026-11-16,DC_W,Product5,307,177,8
97,2026-11-16,DC_C,Product1,492,128,49
97,2026-11-16,DC_C,Product2,421,53,30
97,2026-11-16,DC_C,Product3,258,169,42
97,2026-11-16,DC_C,Product4,392,167,7
97,2026-11-16,DC_C,Product5,396,109,30
97,2026-11-16,DC_E,Product1,217,162,3
97,2026-11-16,DC_E,Product2,462,52,41
97,2026-11-16,DC_E,Product3,269,127,13
97,2026-11-16,DC_E,Product4,489,98,36
97,2026-11-16,DC_E,Product5,313,162,1
98,2026-11-23,DC_W,Product1,313,124,2
98,2026-11-23,DC_W,Product2,274,190,48
98,2026-11-23,DC_W,Product3,495,87,13
98,2026-11-23,DC_W,Product4,458,67,47
98,2026-11-23,DC_W,Product5,289,199,24
98,2026-11-23,DC_C,Product1,508,50,44
98,2026-11-23,DC_C,Product2,308,150,40
98,2026-11-23,DC_C,Product3,265,116,24
98,2026-11-23,DC_C,Product4,324,122,15
98,2026-11-23,DC_C,Product5,344,150,31
98,2026-11-23,DC_E,Product1,292,184,43
98,2026-11-23,DC_E,Product2,403,114,18
98,2026-11-23,DC_E,Product3,482,150,9
98,2026-11-23,DC_E,Product4,468,87,0
98,2026-11-23,DC_E,Product5,479,146,20
99,2026-11-30,DC_W,Product1,410,192,29
99,2026-11-30,DC_W,Product2,463,59,8
99,2026-11-30,DC_W,Product3,320,130,38
99,2026-11-30,DC_W,Product4,328,103,12
99,2026-11-30,DC_W,Product5,301,192,31
99,2026-11-30,DC_C,Product1,262,158,36
99,2026-11-30,DC_C,Product2,466,70,20
99,2026-11-30,DC_C,Product3,242,172,32
99,2026-11-30,DC_C,Product4,402,101,9
99,2026-11-30,DC_C,Product5,242,195,9
99,2026-11-30,DC_E,Product1,223,194,27
99,2026-11-30,DC_E,Product2,518,56,28
99,2026-11-30,DC_E,Product3,359,165,1
99,2026-11-30,DC_E,Product4,360,169,26
99,2026-11-30,DC_E,Product5,420,64,6
100,2026-12-07,DC_W,Product1,470,151,48
100,2026-12-07,DC_W,Product2,484,123,42
100,2026-12-07,DC_W,Product3,241,117,14
100,2026-12-07,DC_W,Product4,241,164,25
100,2026-12-07,DC_W,Product5,422,111,23
100,2026-12-07,DC_C,Product1,246,150,21
100,2026-12-07,DC_C,Product2,526,79,10
100,2026-12-07,DC_C,Product3,458,176,23
100,2026-12-07,DC_C,Product4,490,199,49
100,2026-12-07,DC_C,Product5,497,160,12
100,2026-12-07,DC_E,Product1,533,110,48
100,2026-12-07,DC_E,Product2,232,115,27
100,2026-12-07,DC_E,Product3,362,81,29
100,2026-12-07,DC_E,Product4,502,146,11
100,2026-12-07,DC_E,Product5,492,88,8
101,2026-12-14,DC_W,Product1,476,176,24
101,2026-12-14,DC_W,Product2,412,95,24
101,2026-12-14,DC_W,Product3,252,193,40
101,2026-12-14,DC_W,Product4,467,130,39
101,2026-12-14,DC_W,Product5,397,94,8
101,2026-12-14,DC_C,Product1,459,189,7
101,2026-12-14,DC_C,Product2,272,115,40
101,2026-12-14,DC_C,Product3,317,88,30
101,2026-12-14,DC_C,Product4,414,59,4
101,2026-12-14,DC_C,Product5,457,119,48
101,2026-12-14,DC_E,Product1,471,51,24
101,2026-12-14,DC_E,Product2,365,66,46
101,2026-12-14,DC_E,Product3,522,84,12
101,2026-12-14,DC_E,Product4,212,94,29
101,2026-12-14,DC_E,Product5,368,195,2
102,2026-12-21,DC_W,Product1,436,178,24
102,2026-12-21,DC_W,Product2,201,86,16
102,2026-12-21,DC_W,Product3,586,186,47
102,2026-12-21,DC_W,Product4,530,102,45
102,2026-12-21,DC_W,Product5,592,102,13
102,2026-12-21,DC_C,Product1,418,78,1
102,2026-12-21,DC_C,Product2,578,188,8
102,2026-12-21,DC_C,Product3,363,174,33
102,2026-12-21,DC_C,Product4,357,161,44
102,2026-12-21,DC_C,Product5,570,106,8
102,2026-12-21,DC_E,Product1,565,63,36
102,2026-12-21,DC_E,Product2,256,108,20
102,2026-12-21,DC_E,Product3,263,188,0
102,2026-12-21,DC_E,Product4,557,182,15
102,2026-12-21,DC_E,Product5,481,87,37
103,2026-12-28,DC_W,Product1,424,95,20
103,2026-12-28,DC_W,Product2,475,185,6
103,2026-12-28,DC_W,Product3,428,88,40
103,2026-12-28,DC_W,Product4,228,153,8
103,2026-12-28,DC_W,Product5,438,175,37
103,2026-12-28,DC_C,Product1,501,127,44
103,2026-12-28,DC_C,Product2,435,187,27
103,2026-12-28,DC_C,Product3,402,83,27
103,2026-12-28,DC_C,Product4,256,180,33
103,2026-12-28,DC_C,Product5,597,63,12
103,2026-12-28,DC_E,Product1,550,109,23
103,2026-12-28,DC_E,Product2,544,128,9
103,2026-12-28,DC_E,Product3,556,54,44
103,2026-12-28,DC_E,Product4,220,149,3
103,2026-12-28,DC_E,Product5,482,55,42
104,2027-01-04,DC_W,Product1,386,64,35
104,2027-01-04,DC_W,Product2,395,78,0
104,2027-01-04,DC_W,Product3,367,62,4
104,2027-01-04,DC_W,Product4,306,144,26
104,2027-01-04,DC_W,Product5,227,195,44
104,2027-01-04,DC_C,Product1,303,68,47
104,2027-01-04,DC_C,Product2,384,96,24
104,2027-01-04,DC_C,Product3,509,75,38
104,2027-01-04,DC_C,Product4,499,130,43
104,2027-01-04,DC_C,Product5,252,139,22
104,2027-01-04,DC_E,Product1,368,87,18
104,2027-01-04,DC_E,Product2,243,87,13
104,2027-01-04,DC_E,Product3,488,57,32
104,2027-01-04,DC_E,Product4,288,62,15
104,2027-01-04,DC_E,Product5,289,132,17
105,2027-01-11,DC_W,Product1,586,194,22
105,2027-01-11,DC_W,Product2,518,51,27
105,2027-01-11,DC_W,Product3,497,82,3
105,2027-01-11,DC_W,Product4,262,116,25
105,2027-01-11,DC_W,Product5,352,115,23
105,2027-01-11,DC_C,Product1,507,65,38
105,2027-01-11,DC_C,Product2,475,161,36
105,2027-01-11,DC_C,Product3,388,81,26
105,2027-01-11,DC_C,Product4,583,138,0
105,2027-01-11,DC_C,Product5,223,198,3
105,2027-01-11,DC_E,Product1,218,102,48
105,2027-01-11,DC_E,Product2,327,111,31
105,2027-01-11,DC_E,Product3,209,184,25
105,2027-01-11,DC_E,Product4,386,179,47
105,2027-01-11,DC_E,Product5,369,75,40
106,2027-01-18,DC_W,Product1,361,190,47
106,2027-01-18,DC_W,Product2,245,193,18
106,2027-01-18,DC_W,Product3,458,55,44
106,2027-01-18,DC_W,Product4,456,146,45
106,2027-01-18,DC_W,Product5,403,111,43
106,2027-01-18,DC_C,Product1,496,192,47
106,2027-01-18,DC_C,Product2,352,117,12
106,2027-01-18,DC_C,Product3,464,104,39
106,2027-01-18,DC_C,Product4,248,67,10
106,2027-01-18,DC_C,Product5,233,143,7
106,2027-01-18,DC_E,Product1,263,52,39
106,2027-01-18,DC_E,Product2,524,74,36
106,2027-01-18,DC_E,Product3,373,85,31
106,2027-01-18,DC_E,Product4,271,163,2
106,2027-01-18,DC_E,Product5,583,60,28
107,2027-01-25,DC_W,Product1,560,51,24
107,2027-01-25,DC_W,Product2,340,137,11
107,2027-01-25,DC_W,Product3,225,143,20
107,2027-01-25,DC_W,Product4,448,81,16
107,2027-01-25,DC_W,Product5,424,138,18
107,2027-01-25,DC_C,Product1,312,91,8
107,2027-01-25,DC_C,Product2,330,79,31
107,2027-01-25,DC_C,Product3,427,107,16
107,2027-01-25,DC_C,Product4,295,130,45
107,2027-01-25,DC_C,Product5,474,161,41
107,2027-01-25,DC_E,Product1,340,59,31
107,2027-01-25,DC_E,Product2,275,135,36
107,2027-01-25,DC_E,Product3,513,95,25
107,2027-01-25,DC_E,Product4,448,172,38
107,2027-01-25,DC_E,Product5,595,51,21
108,2027-02-01,DC_W,Product1,302,67,45
108,2027-02-01,DC_W,Product2,599,77,1
108,2027-02-01,DC_W,Product3,310,175,14
108,2027-02-01,DC_W,Product4,222,57,21
108,2027-02-01,DC_W,Product5,572,92,21
108,2027-02-01,DC_C,Product1,240,124,34
108,2027-02-01,DC_C,Product2,308,94,42
108,2027-02-01,DC_C,Product3,204,145,19
108,2027-02-01,DC_C,Product4,319,148,41
108,2027-02-01,DC_C,Product5,423,54,23
108,2027-02-01,DC_E,Product1,385,131,33
108,2027-02-01,DC_E,Product2,207,125,29
108,2027-02-01,DC_E,Product3,337,150,11
108,2027-02-01,DC_E,Product4,326,194,17
108,2027-02-01,DC_E,Product5,338,139,48
109,2027-02-08,DC_W,Product1,593,136,0
109,2027-02-08,DC_W,Product2,560,135,18
109,2027-02-08,DC_W,Product3,531,109,1
109,2027-02-08,DC_W,Product4,528,131,16
109,2027-02-08,DC_W,Product5,300,139,10
109,2027-02-08,DC_C,Product1,329,145,44
109,2027-02-08,DC_C,Product2,413,163,38
109,2027-02-08,DC_C,Product3,465,86,43
109,2027-02-08,DC_C,Product4,374,56,12
109,2027-02-08,DC_C,Product5,506,60,7
109,2027-02-08,DC_E,Product1,477,183,31
109,2027-02-08,DC_E,Product2,288,58,30
109,2027-02-08,DC_E,Product3,218,141,11
109,2027-02-08,DC_E,Product4,561,121,11
109,2027-02-08,DC_E,Product5,541,88,15
110,2027-02-15,DC_W,Product1,533,96,20
110,2027-02-15,DC_W,Product2,339,67,1
110,2027-02-15,DC_W,Product3,489,146,14
110,2027-02-15,DC_W,Product4,318,191,49
110,2027-02-15,DC_W,Product5,389,170,36
110,2027-02-15,DC_C,Product1,318,58,7
110,2027-02-15,DC_C,Product2,535,159,33
110,2027-02-15,DC_C,Product3,252,145,38
110,2027-02-15,DC_C,Product4,544,51,34
110,2027-02-15,DC_C,Product5,207,156,31
110,2027-02-15,DC_E,Product1,259,164,3
110,2027-02-15,DC_E,Product2,530,89,34
110,2027-02-15,DC_E,Product3,569,100,25
110,2027-02-15,DC_E,Product4,385,73,29
110,2027-02-15,DC_E,Product5,497,187,42
111,2027-02-22,DC_W,Product1,404,157,40
111,2027-02-22,DC_W,Product2,397,67,21
111,2027-02-22,DC_W,Product3,536,139,36
111,2027-02-22,DC_W,Product4,274,194,20
111,2027-02-22,DC_W,Product5,461,52,6
111,2027-02-22,DC_C,Product1,512,195,16
111,2027-02-22,DC_C,Product2,214,104,0
111,2027-02-22,DC_C,Product3,276,162,46
111,2027-02-22,DC_C,Product4,234,133,12
111,2027-02-22,DC_C,Product5,255,82,28
111,2027-02-22,DC_E,Product1,226,115,6
111,2027-02-22,DC_E,Product2,309,78,44
111,2027-02-22,DC_E,Product3,483,180,19
111,2027-02-22,DC_E,Product4,325,107,0
111,2027-02-22,DC_E,Product5,489,102,15
112,2027-03-01,DC_W,Product1,439,115,49
112,2027-03-01,DC_W,Product2,342,142,15
112,2027-03-01,DC_W,Product3,596,116,31
112,2027-03-01,DC_W,Product4,250,159,13
112,2027-03-01,DC_W,Product5,379,182,48
112,2027-03-01,DC_C,Product1,369,175,2
112,2027-03-01,DC_C,Product2,539,144,24
112,2027-03-01,DC_C,Product3,555,176,14
112,2027-03-01,DC_C,Product4,516,64,41
112,2027-03-01,DC_C,Product5,470,63,34
112,2027-03-01,DC_E,Product1,432,139,14
112,2027-03-01,DC_E,Product2,306,164,12
112,2027-03-01,DC_E,Product3,378,154,3
112,2027-03-01,DC_E,Product4,437,138,34
112,2027-03-01,DC_E,Product5,347,117,16
113,2027-03-08,DC_W,Product1,523,69,48
113,2027-03-08,DC_W,Product2,453,183,21
113,2027-03-08,DC_W,Product3,332,185,4
113,2027-03-08,DC_W,Product4,246,94,47
113,2027-03-08,DC_W,Product5,453,133,35
113,2027-03-08,DC_C,Product1,366,163,19
113,2027-03-08,DC_C,Product2,530,90,13
113,2027-03-08,DC_C,Product3,408,114,32
113,2027-03-08,DC_C,Product4,345,84,23
113,2027-03-08,DC_C,Product5,424,71,27
113,2027-03-08,DC_E,Product1,327,108,13
113,2027-03-08,DC_E,Product2,572,152,13
113,2027-03-08,DC_E,Product3,458,177,20
113,2027-03-08,DC_E,Product4,531,73,41
113,2027-03-08,DC_E,Product5,416,83,20
114,2027-03-15,DC_W,Product1,595,167,28
114,2027-03-15,DC_W,Product2,246,112,13
114,2027-03-15,DC_W,Product3,228,131,44
114,2027-03-15,DC_W,Product4,470,87,28
114,2027-03-15,DC_W,Product5,577,158,34
114,2027-03-15,DC_C,Product1,587,169,6
114,2027-03-15,DC_C,Product2,339,194,24
114,2027-03-15,DC_C,Product3,244,118,34
114,2027-03-15,DC_C,Product4,599,98,25
114,2027-03-15,DC_C,Product5,551,103,5
114,2027-03-15,DC_E,Product1,579,123,25
114,2027-03-15,DC_E,Product2,448,50,46
114,2027-03-15,DC_E,Product3,344,109,8
114,2027-03-15,DC_E,Product4,351,170,39
114,2027-03-15,DC_E,Product5,574,110,35
115,2027-03-22,DC_W,Product1,402,170,35
115,2027-03-22,DC_W,Product2,347,100,12
115,2027-03-22,DC_W,Product3,430,194,10
115,2027-03-22,DC_W,Product4,238,67,39
115,2027-03-22,DC_W,Product5,340,83,17
115,2027-03-22,DC_C,Product1,458,132,37
115,2027-03-22,DC_C,Product2,335,117,5
115,2027-03-22,DC_C,Product3,229,119,15
115,2027-03-22,DC_C,Product4,445,56,6
115,2027-03-22,DC_C,Product5,546,134,35
115,2027-03-22,DC_E,Product1,536,119,38
115,2027-03-22,DC_E,Product2,409,83,16
115,2027-03-22,DC_E,Product3,396,97,16
115,2027-03-22,DC_E,Product4,334,68,4
115,2027-03-22,DC_E,Product5,218,66,17
116,2027-03-29,DC_W,Product1,437,78,44
116,2027-03-29,DC_W,Product2,523,128,36
116,2027-03-29,DC_W,Product3,346,55,45
116,2027-03-29,DC_W,Product4,251,192,28
116,2027-03-29,DC_W,Product5,322,124,25
116,2027-03-29,DC_C,Product1,209,103,36
116,2027-03-29,DC_C,Product2,404,86,16
116,2027-03-29,DC_C,Product3,545,128,26
116,2027-03-29,DC_C,Product4,584,98,23
116,2027-03-29,DC_C,Product5,524,163,13
116,2027-03-29,DC_E,Product1,260,155,12
116,2027-03-29,DC_E,Product2,569,69,15
116,2027-03-29,DC_E,Product3,221,155,44
116,2027-03-29,DC_E,Product4,454,190,6
116,2027-03-29,DC_E,Product5,235,175,42
117,2027-04-05,DC_W,Product1,532,169,18
117,2027-04-05,DC_W,Product2,286,189,15
117,2027-04-05,DC_W,Product3,359,154,14
117,2027-04-05,DC_W,Product4,527,60,39
117,2027-04-05,DC_W,Product5,440,135,22
117,2027-04-05,DC_C,Product1,310,119,22
117,2027-04-05,DC_C,Product2,433,92,3
117,2027-04-05,DC_C,Product3,258,154,1
117,2027-04-05,DC_C,Product4,542,154,38
117,2027-04-05,DC_C,Product5,534,68,41
117,2027-04-05,DC_E,Product1,401,182,44
117,2027-04-05,DC_E,Product2,209,107,26
117,2027-04-05,DC_E,Product3,471,92,12
117,2027-04-05,DC_E,Product4,352,125,47
117,2027-04-05,DC_E,Product5,504,114,2
118,2027-04-12,DC_W,Product1,267,118,40
118,2027-04-12,DC_W,Product2,352,130,44
118,2027-04-12,DC_W,Product3,565,82,2
118,2027-04-12,DC_W,Product4,322,154,47
118,2027-04-12,DC_W,Product5,230,54,44
118,2027-04-12,DC_C,Product1,499,198,19
118,2027-04-12,DC_C,Product2,366,75,5
118,2027-04-12,DC_C,Product3,431,104,4
118,2027-04-12,DC_C,Product4,554,79,37
118,2027-04-12,DC_C,Product5,312,171,5
118,2027-04-12,DC_E,Product1,502,64,22
118,2027-04-12,DC_E,Product2,493,75,14
118,2027-04-12,DC_E,Product3,545,182,2
118,2027-04-12,DC_E,Product4,267,67,8
118,2027-04-12,DC_E,Product5,588,132,23
119,2027-04-19,DC_W,Product1,593,133,33
119,2027-04-19,DC_W,Product2,333,107,29
119,2027-04-19,DC_W,Product3,227,88,9
119,2027-04-19,DC_W,Product4,206,130,28
119,2027-04-19,DC_W,Product5,353,90,32
119,2027-04-19,DC_C,Product1,253,127,38
119,2027-04-19,DC_C,Product2,265,162,38
119,2027-04-19,DC_C,Product3,223,52,48
119,2027-04-19,DC_C,Product4,277,173,28
119,2027-04-19,DC_C,Product5,305,69,24
119,2027-04-19,DC_E,Product1,362,154,45
119,2027-04-19,DC_E,Product2,522,91,43
119,2027-04-19,DC_E,Product3,533,189,22
119,2027-04-19,DC_E,Product4,507,138,15
119,2027-04-19,DC_E,Product5,597,55,8
120,2027-04-26,DC_W,Product1,557,59,44
120,2027-04-26,DC_W,Product2,486,55,21
120,2027-04-26,DC_W,Product3,501,137,46
120,2027-04-26,DC_W,Product4,547,99,4
120,2027-04-26,DC_W,Product5,577,127,3
120,2027-04-26,DC_C,Product1,526,180,31
120,2027-04-26,DC_C,Product2,379,149,35
120,2027-04-26,DC_C,Product3,557,193,25
120,2027-04-26,DC_C,Product4,519,194,7
120,2027-04-26,DC_C,Product5,207,180,9
120,2027-04-26,DC_E,Product1,216,74,19
120,2027-04-26,DC_E,Product2,287,95,48
120,2027-04-26,DC_E,Product3,481,156,4
120,2027-04-26,DC_E,Product4,492,160,32
120,2027-04-26,DC_E,Product5,291,113,42
121,2027-05-03,DC_W,Product1,468,159,29
121,2027-05-03,DC_W,Product2,379,163,3
121,2027-05-03,DC_W,Product3,469,199,39
121,2027-05-03,DC_W,Product4,316,91,33
121,2027-05-03,DC_W,Product5,558,136,26
121,2027-05-03,DC_C,Product1,264,157,35
121,2027-05-03,DC_C,Product2,586,95,37
121,2027-05-03,DC_C,Product3,373,133,40
121,2027-05-03,DC_C,Product4,288,101,38
121,2027-05-03,DC_C,Product5,428,63,21
121,2027-05-03,DC_E,Product1,434,186,9
121,2027-05-03,DC_E,Product2,522,69,12
121,2027-05-03,DC_E,Product3,297,181,9
121,2027-05-03,DC_E,Product4,514,119,49
121,2027-05-03,DC_E,Product5,535,160,43
122,2027-05-10,DC_W,Product1,453,176,13
122,2027-05-10,DC_W,Product2,239,142,21
122,2027-05-10,DC_W,Product3,370,129,18
122,2027-05-10,DC_W,Product4,450,54,48
122,2027-05-10,DC_W,Product5,569,190,18
122,2027-05-10,DC_C,Product1,412,193,45
122,2027-05-10,DC_C,Product2,516,111,28
122,2027-05-10,DC_C,Product3,517,90,31
122,2027-05-10,DC_C,Product4,531,156,23
122,2027-05-10,DC_C,Product5,433,198,30
122,2027-05-10,DC_E,Product1,514,158,35
122,2027-05-10,DC_E,Product2,486,118,23
122,2027-05-10,DC_E,Product3,387,54,12
122,2027-05-10,DC_E,Product4,261,182,13
122,2027-05-10,DC_E,Product5,255,67,34
123,2027-05-17,DC_W,Product1,202,120,5
123,2027-05-17,DC_W,Product2,539,193,47
123,2027-05-17,DC_W,Product3,376,146,29
123,2027-05-17,DC_W,Product4,340,116,3
123,2027-05-17,DC_W,Product5,518,86,23
123,2027-05-17,DC_C,Product1,392,134,40
123,2027-05-17,DC_C,Product2,476,149,26
123,2027-05-17,DC_C,Product3,238,110,47
123,2027-05-17,DC_C,Product4,598,159,11
123,2027-05-17,DC_C,Product5,240,112,42
123,2027-05-17,DC_E,Product1,488,182,30
123,2027-05-17,DC_E,Product2,252,67,2
123,2027-05-17,DC_E,Product3,426,86,36
123,2027-05-17,DC_E,Product4,474,97,8
123,2027-05-17,DC_E,Product5,240,160,22
124,2027-05-24,DC_W,Product1,329,178,29
124,2027-05-24,DC_W,Product2,407,161,40
124,2027-05-24,DC_W,Product3,474,116,18
124,2027-05-24,DC_W,Product4,508,127,35
124,2027-05-24,DC_W,Product5,556,187,13
124,2027-05-24,DC_C,Product1,275,89,37
124,2027-05-24,DC_C,Product2,348,76,4
124,2027-05-24,DC_C,Product3,330,70,7
124,2027-05-24,DC_C,Product4,473,52,5
124,2027-05-24,DC_C,Product5,537,176,16
124,2027-05-24,DC_E,Product1,235,155,18
124,2027-05-24,DC_E,Product2,218,73,6
124,2027-05-24,DC_E,Product3,435,184,39
124,2027-05-24,DC_E,Product4,418,113,30
124,2027-05-24,DC_E,Product5,377,86,33
125,2027-05-31,DC_W,Product1,549,105,42
125,2027-05-31,DC_W,Product2,372,110,1
125,2027-05-31,DC_W,Product3,478,171,33
125,2027-05-31,DC_W,Product4,260,65,28
125,2027-05-31,DC_W,Product5,360,114,48
125,2027-05-31,DC_C,Product1,489,111,0
125,2027-05-31,DC_C,Product2,213,152,41
125,2027-05-31,DC_C,Product3,483,110,1
125,2027-05-31,DC_C,Product4,586,197,27
125,2027-05-31,DC_C,Product5,228,131,44
125,2027-05-31,DC_E,Product1,471,157,4
125,2027-05-31,DC_E,Product2,242,69,45
125,2027-05-31,DC_E,Product3,410,168,5
125,2027-05-31,DC_E,Product4,571,173,11
125,2027-05-31,DC_E,Product5,549,89,10
126,2027-06-07,DC_W,Product1,305,186,45
126,2027-06-07,DC_W,Product2,331,155,33
126,2027-06-07,DC_W,Product3,522,94,25
126,2027-06-07,DC_W,Product4,467,53,18
126,2027-06-07,DC_W,Product5,478,87,47
126,2027-06-07,DC_C,Product1,212,193,10
126,2027-06-07,DC_C,Product2,219,93,39
126,2027-06-07,DC_C,Product3,500,81,9
126,2027-06-07,DC_C,Product4,457,118,39
126,2027-06-07,DC_C,Product5,209,141,36
126,2027-06-07,DC_E,Product1,597,151,11
126,2027-06-07,DC_E,Product2,243,146,26
126,2027-06-07,DC_E,Product3,559,158,25
126,2027-06-07,DC_E,Product4,361,110,11
126,2027-06-07,DC_E,Product5,206,136,10
127,2027-06-14,DC_W,Product1,283,68,9
127,2027-06-14,DC_W,Product2,212,151,20
127,2027-06-14,DC_W,Product3,424,145,48
127,2027-06-14,DC_W,Product4,227,112,12
127,2027-06-14,DC_W,Product5,390,188,36
127,2027-06-14,DC_C,Product1,464,116,33
127,2027-06-14,DC_C,Product2,212,137,27
127,2027-06-14,DC_C,Product3,338,80,40
127,2027-06-14,DC_C,Product4,221,60,22
127,2027-06-14,DC_C,Product5,301,161,31
127,2027-06-14,DC_E,Product1,509,98,37
127,2027-06-14,DC_E,Product2,544,101,16
127,2027-06-14,DC_E,Product3,559,57,17
127,2027-06-14,DC_E,Product4,247,54,5
127,2027-06-14,DC_E,Product5,372,153,14
128,2027-06-21,DC_W,Product1,539,115,48
128,2027-06-21,DC_W,Product2,581,165,46
128,2027-06-21,DC_W,Product3,482,184,11
128,2027-06-21,DC_W,Product4,338,162,21
128,2027-06-21,DC_W,Product5,534,181,14
128,2027-06-21,DC_C,Product1,529,73,16
128,2027-06-21,DC_C,Product2,407,83,28
128,2027-06-21,DC_C,Product3,431,81,39
128,2027-06-21,DC_C,Product4,452,97,11
128,2027-06-21,DC_C,Product5,551,175,11
128,2027-06-21,DC_E,Product1,214,170,30
128,2027-06-21,DC_E,Product2,240,138,22
128,2027-06-21,DC_E,Product3,509,81,22
128,2027-06-21,DC_E,Product4,262,193,38
128,2027-06-21,DC_E,Product5,494,153,21
129,2027-06-28,DC_W,Product1,569,60,40
129,2027-06-28,DC_W,Product2,286,98,25
129,2027-06-28,DC_W,Product3,513,175,29
129,2027-06-28,DC_W,Product4,361,191,12
129,2027-06-28,DC_W,Product5,521,141,18
129,2027-06-28,DC_C,Product1,200,116,13
129,2027-06-28,DC_C,Product2,241,61,17
129,2027-06-28,DC_C,Product3,445,175,9
129,2027-06-28,DC_C,Product4,369,108,25
129,2027-06-28,DC_C,Product5,523,133,42
129,2027-06-28,DC_E,Product1,407,140,21
129,2027-06-28,DC_E,Product2,529,188,31
129,2027-06-28,DC_E,Product3,528,58,45
129,2027-06-28,DC_E,Product4,275,88,2
129,2027-06-28,DC_E,Product5,586,177,45
130,2027-07-05,DC_W,Product1,538,121,46
130,2027-07-05,DC_W,Product2,587,125,8
130,2027-07-05,DC_W,Product3,463,196,43
130,2027-07-05,DC_W,Product4,544,190,44
130,2027-07-05,DC_W,Product5,510,157,13
130,2027-07-05,DC_C,Product1,448,128,43
130,2027-07-05,DC_C,Product2,396,69,0
130,2027-07-05,DC_C,Product3,471,132,16
130,2027-07-05,DC_C,Product4,267,120,5
130,2027-07-05,DC_C,Product5,334,106,23
130,2027-07-05,DC_E,Product1,386,88,42
130,2027-07-05,DC_E,Product2,342,84,8
130,2027-07-05,DC_E,Product3,329,60,1
130,2027-07-05,DC_E,Product4,442,142,26
130,2027-07-05,DC_E,Product5,504,55,46
131,2027-07-12,DC_W,Product1,238,151,6
131,2027-07-12,DC_W,Product2,551,126,4
131,2027-07-12,DC_W,Product3,446,51,38
131,2027-07-12,DC_W,Product4,460,81,18
131,2027-07-12,DC_W,Product5,203,154,16
131,2027-07-12,DC_C,Product1,428,193,14
131,2027-07-12,DC_C,Product2,596,144,12
131,2027-07-12,DC_C,Product3,374,161,22
131,2027-07-12,DC_C,Product4,227,75,39
131,2027-07-12,DC_C,Product5,459,135,8
131,2027-07-12,DC_E,Product1,535,194,2
131,2027-07-12,DC_E,Product2,231,182,40
131,2027-07-12,DC_E,Product3,447,191,32
131,2027-07-12,DC_E,Product4,286,159,32
131,2027-07-12,DC_E,Product5,594,82,29
132,2027-07-19,DC_W,Product1,512,100,18
132,2027-07-19,DC_W,Product2,555,110,31
132,2027-07-19,DC_W,Product3,555,81,49
132,2027-07-19,DC_W,Product4,480,124,21
132,2027-07-19,DC_W,Product5,581,80,15
132,2027-07-19,DC_C,Product1,323,93,23
132,2027-07-19,DC_C,Product2,595,183,16
132,2027-07-19,DC_C,Product3,369,150,0
132,2027-07-19,DC_C,Product4,528,181,42
132,2027-07-19,DC_C,Product5,350,119,0
132,2027-07-19,DC_E,Product1,359,119,45
132,2027-07-19,DC_E,Product2,557,194,44
132,2027-07-19,DC_E,Product3,203,146,3
132,2027-07-19,DC_E,Product4,309,136,35
132,2027-07-19,DC_E,Product5,461,57,5
133,2027-07-26,DC_W,Product1,251,63,8
133,2027-07-26,DC_W,Product2,475,174,20
133,2027-07-26,DC_W,Product3,477,80,48
133,2027-07-26,DC_W,Product4,339,176,47
133,2027-07-26,DC_W,Product5,545,60,32
133,2027-07-26,DC_C,Product1,248,50,2
133,2027-07-26,DC_C,Product2,566,186,11
133,2027-07-26,DC_C,Product3,418,193,24
133,2027-07-26,DC_C,Product4,357,122,39
133,2027-07-26,DC_C,Product5,390,167,21
133,2027-07-26,DC_E,Product1,300,98,3
133,2027-07-26,DC_E,Product2,398,72,40
133,2027-07-26,DC_E,Product3,368,164,47
133,2027-07-26,DC_E,Product4,539,192,28
133,2027-07-26,DC_E,Product5,266,190,43
134,2027-08-02,DC_W,Product1,545,153,31
134,2027-08-02,DC_W,Product2,205,162,4
134,2027-08-02,DC_W,Product3,303,132,22
134,2027-08-02,DC_W,Product4,206,173,43
134,2027-08-02,DC_W,Product5,472,131,48
134,2027-08-02,DC_C,Product1,247,160,6
134,2027-08-02,DC_C,Product2,352,137,36
134,2027-08-02,DC_C,Product3,201,89,26
134,2027-08-02,DC_C,Product4,413,145,15
134,2027-08-02,DC_C,Product5,416,78,9
134,2027-08-02,DC_E,Product1,430,152,6
134,2027-08-02,DC_E,Product2,249,134,13
134,2027-08-02,DC_E,Product3,356,110,8
134,2027-08-02,DC_E,Product4,200,177,35
134,2027-08-02,DC_E,Product5,476,131,35
135,2027-08-09,DC_W,Product1,574,149,13
135,2027-08-09,DC_W,Product2,428,116,27
135,2027-08-09,DC_W,Product3,407,178,32
135,2027-08-09,DC_W,Product4,275,59,21
135,2027-08-09,DC_W,Product5,206,97,18
135,2027-08-09,DC_C,Product1,350,196,15
135,2027-08-09,DC_C,Product2,306,69,25
135,2027-08-09,DC_C,Product3,261,142,7
135,2027-08-09,DC_C,Product4,430,173,2
135,2027-08-09,DC_C,Product5,367,119,39
135,2027-08-09,DC_E,Product1,387,135,39
135,2027-08-09,DC_E,Product2,423,103,4
135,2027-08-09,DC_E,Product3,491,180,48
135,2027-08-09,DC_E,Product4,570,169,32
135,2027-08-09,DC_E,Product5,512,114,29
136,2027-08-16,DC_W,Product1,339,99,37
136,2027-08-16,DC_W,Product2,381,81,10
136,2027-08-16,DC_W,Product3,543,151,27
136,2027-08-16,DC_W,Product4,360,114,2
136,2027-08-16,DC_W,Product5,381,169,19
136,2027-08-16,DC_C,Product1,353,52,22
136,2027-08-16,DC_C,Product2,210,135,25
136,2027-08-16,DC_C,Product3,536,137,16
136,2027-08-16,DC_C,Product4,406,154,4
136,2027-08-16,DC_C,Product5,448,187,14
136,2027-08-16,DC_E,Product1,450,173,25
136,2027-08-16,DC_E,Product2,487,96,15
136,2027-08-16,DC_E,Product3,467,155,46
136,2027-08-16,DC_E,Product4,289,120,12
136,2027-08-16,DC_E,Product5,232,110,18
137,2027-08-23,DC_W,Product1,308,94,18
137,2027-08-23,DC_W,Product2,595,167,3
137,2027-08-23,DC_W,Product3,548,144,44
137,2027-08-23,DC_W,Product4,336,119,44
137,2027-08-23,DC_W,Product5,309,187,41
137,2027-08-23,DC_C,Product1,592,98,11
137,2027-08-23,DC_C,Product2,332,193,16
137,2027-08-23,DC_C,Product3,426,110,19
137,2027-08-23,DC_C,Product4,277,130,42
137,2027-08-23,DC_C,Product5,219,183,33
137,2027-08-23,DC_E,Product1,446,143,14
137,2027-08-23,DC_E,Product2,366,169,15
137,2027-08-23,DC_E,Product3,388,52,36
137,2027-08-23,DC_E,Product4,367,128,5
137,2027-08-23,DC_E,Product5,596,95,31
138,2027-08-30,DC_W,Product1,432,167,14
138,2027-08-30,DC_W,Product2,502,107,20
138,2027-08-30,DC_W,Product3,469,167,33
138,2027-08-30,DC_W,Product4,559,92,45
138,2027-08-30,DC_W,Product5,252,148,27
138,2027-08-30,DC_C,Product1,397,96,25
138,2027-08-30,DC_C,Product2,264,105,4
138,2027-08-30,DC_C,Product3,428,64,8
138,2027-08-30,DC_C,Product4,234,107,42
138,2027-08-30,DC_C,Product5,562,60,31
138,2027-08-30,DC_E,Product1,473,130,33
138,2027-08-30,DC_E,Product2,293,123,19
138,2027-08-30,DC_E,Product3,235,143,24
138,2027-08-30,DC_E,Product4,310,121,38
138,2027-08-30,DC_E,Product5,520,147,23
139,2027-09-06,DC_W,Product1,430,107,6
139,2027-09-06,DC_W,Product2,354,129,29
139,2027-09-06,DC_W,Product3,574,166,7
139,2027-09-06,DC_W,Product4,269,65,36
139,2027-09-06,DC_W,Product5,482,197,26
139,2027-09-06,DC_C,Product1,530,136,43
139,2027-09-06,DC_C,Product2,488,146,28
139,2027-09-06,DC_C,Product3,489,112,4
139,2027-09-06,DC_C,Product4,215,121,29
139,2027-09-06,DC_C,Product5,231,93,16
139,2027-09-06,DC_E,Product1,425,91,4
139,2027-09-06,DC_E,Product2,265,76,42
139,2027-09-06,DC_E,Product3,313,157,28
139,2027-09-06,DC_E,Product4,590,90,7
139,2027-09-06,DC_E,Product5,220,86,34
140,2027-09-13,DC_W,Product1,234,86,42
140,2027-09-13,DC_W,Product2,433,60,2
140,2027-09-13,DC_W,Product3,224,191,42
140,2027-09-13,DC_W,Product4,537,188,25
140,2027-09-13,DC_W,Product5,298,110,35
140,2027-09-13,DC_C,Product1,550,115,26
140,2027-09-13,DC_C,Product2,572,66,43
140,2027-09-13,DC_C,Product3,263,122,10
140,2027-09-13,DC_C,Product4,441,133,19
140,2027-09-13,DC_C,Product5,545,148,36
140,2027-09-13,DC_E,Product1,260,182,8
140,2027-09-13,DC_E,Product2,289,69,22
140,2027-09-13,DC_E,Product3,555,87,18
140,2027-09-13,DC_E,Product4,538,142,37
140,2027-09-13,DC_E,Product5,285,157,11
141,2027-09-20,DC_W,Product1,594,133,34
141,2027-09-20,DC_W,Product2,247,87,6
141,2027-09-20,DC_W,Product3,356,92,36
141,2027-09-20,DC_W,Product4,243,162,2
141,2027-09-20,DC_W,Product5,280,168,37
141,2027-09-20,DC_C,Product1,390,57,30
141,2027-09-20,DC_C,Product2,362,97,32
141,2027-09-20,DC_C,Product3,374,63,45
141,2027-09-20,DC_C,Product4,511,58,26
141,2027-09-20,DC_C,Product5,233,175,30
141,2027-09-20,DC_E,Product1,268,53,1
141,2027-09-20,DC_E,Product2,402,160,6
141,2027-09-20,DC_E,Product3,288,99,10
141,2027-09-20,DC_E,Product4,356,133,34
141,2027-09-20,DC_E,Product5,585,189,28
142,2027-09-27,DC_W,Product1,493,192,4
142,2027-09-27,DC_W,Product2,202,54,28
142,2027-09-27,DC_W,Product3,505,105,27
142,2027-09-27,DC_W,Product4,406,64,16
142,2027-09-27,DC_W,Product5,207,66,40
142,2027-09-27,DC_C,Product1,531,170,36
142,2027-09-27,DC_C,Product2,517,150,33
142,2027-09-27,DC_C,Product3,466,127,18
142,2027-09-27,DC_C,Product4,492,94,27
142,2027-09-27,DC_C,Product5,373,91,48
142,2027-09-27,DC_E,Product1,303,96,8
142,2027-09-27,DC_E,Product2,529,137,30
142,2027-09-27,DC_E,Product3,528,101,9
142,2027-09-27,DC_E,Product4,279,159,30
142,2027-09-27,DC_E,Product5,282,71,6
143,2027-10-04,DC_W,Product1,451,50,0
143,2027-10-04,DC_W,Product2,355,153,34
143,2027-10-04,DC_W,Product3,372,153,26
143,2027-10-04,DC_W,Product4,590,74,30
143,2027-10-04,DC_W,Product5,396,79,37
143,2027-10-04,DC_C,Product1,310,107,18
143,2027-10-04,DC_C,Product2,297,114,23
143,2027-10-04,DC_C,Product3,497,164,7
143,2027-10-04,DC_C,Product4,437,184,5
143,2027-10-04,DC_C,Product5,389,162,30
143,2027-10-04,DC_E,Product1,240,109,25
143,2027-10-04,DC_E,Product2,598,76,49
143,2027-10-04,DC_E,Product3,350,80,20
143,2027-10-04,DC_E,Product4,445,82,14
143,2027-10-04,DC_E,Product5,541,199,15
144,2027-10-11,DC_W,Product1,259,168,30
144,2027-10-11,DC_W,Product2,240,192,3
144,2027-10-11,DC_W,Product3,450,113,27
144,2027-10-11,DC_W,Product4,285,153,47
144,2027-10-11,DC_W,Product5,383,128,11
144,2027-10-11,DC_C,Product1,556,195,39
144,2027-10-11,DC_C,Product2,417,193,7
144,2027-10-11,DC_C,Product3,391,130,24
144,2027-10-11,DC_C,Product4,520,150,6
144,2027-10-11,DC_C,Product5,338,100,28
144,2027-10-11,DC_E,Product1,316,67,32
144,2027-10-11,DC_E,Product2,540,189,48
144,2027-10-11,DC_E,Product3,512,70,42
144,2027-10-11,DC_E,Product4,359,159,26
144,2027-10-11,DC_E,Product5,531,113,3
145,2027-10-18,DC_W,Product1,422,75,48
145,2027-10-18,DC_W,Product2,410,133,45
145,2027-10-18,DC_W,Product3,449,95,14
145,2027-10-18,DC_W,Product4,400,179,39
145,2027-10-18,DC_W,Product5,585,60,13
145,2027-10-18,DC_C,Product1,232,162,7
145,2027-10-18,DC_C,Product2,239,134,20
145,2027-10-18,DC_C,Product3,486,123,21
145,2027-10-18,DC_C,Product4,370,180,19
145,2027-10-18,DC_C,Product5,333,100,9
145,2027-10-18,DC_E,Product1,544,71,45
145,2027-10-18,DC_E,Product2,313,184,39
145,2027-10-18,DC_E,Product3,432,150,16
145,2027-10-18,DC_E,Product4,429,93,20
145,2027-10-18,DC_E,Product5,505,86,41
146,2027-10-25,DC_W,Product1,350,129,47
146,2027-10-25,DC_W,Product2,472,146,35
146,2027-10-25,DC_W,Product3,567,87,30
146,2027-10-25,DC_W,Product4,360,51,6
146,2027-10-25,DC_W,Product5,329,134,44
146,2027-10-25,DC_C,Product1,516,133,3
146,2027-10-25,DC_C,Product2,314,105,31
146,2027-10-25,DC_C,Product3,225,129,45
146,2027-10-25,DC_C,Product4,482,169,34
146,2027-10-25,DC_C,Product5,282,66,41
146,2027-10-25,DC_E,Product1,478,136,9
146,2027-10-25,DC_E,Product2,441,54,5
146,2027-10-25,DC_E,Product3,324,116,6
146,2027-10-25,DC_E,Product4,247,158,28
146,2027-10-25,DC_E,Product5,413,117,48
147,2027-11-01,DC_W,Product1,219,77,32
147,2027-11-01,DC_W,Product2,254,138,28
147,2027-11-01,DC_W,Product3,588,182,47
147,2027-11-01,DC_W,Product4,245,180,6
147,2027-11-01,DC_W,Product5,453,158,8
147,2027-11-01,DC_C,Product1,453,57,14
147,2027-11-01,DC_C,Product2,568,75,3
147,2027-11-01,DC_C,Product3,377,177,3
147,2027-11-01,DC_C,Product4,342,184,5
147,2027-11-01,DC_C,Product5,324,166,27
147,2027-11-01,DC_E,Product1,532,66,46
147,2027-11-01,DC_E,Product2,573,73,1
147,2027-11-01,DC_E,Product3,595,122,28
147,2027-11-01,DC_E,Product4,446,168,40
147,2027-11-01,DC_E,Product5,277,85,43
148,2027-11-08,DC_W,Product1,527,142,49
148,2027-11-08,DC_W,Product2,494,82,42
148,2027-11-08,DC_W,Product3,365,55,16
148,2027-11-08,DC_W,Product4,505,194,13
148,2027-11-08,DC_W,Product5,298,134,40
148,2027-11-08,DC_C,Product1,498,133,31
148,2027-11-08,DC_C,Product2,296,114,12
148,2027-11-08,DC_C,Product3,553,66,33
148,2027-11-08,DC_C,Product4,304,121,14
148,2027-11-08,DC_C,Product5,329,89,37
148,2027-11-08,DC_E,Product1,346,158,22
148,2027-11-08,DC_E,Product2,418,131,48
148,2027-11-08,DC_E,Product3,346,81,45
148,2027-11-08,DC_E,Product4,269,175,7
148,2027-11-08,DC_E,Product5,463,72,46
149,2027-11-15,DC_W,Product1,426,99,7
149,2027-11-15,DC_W,Product2,348,155,19
149,2027-11-15,DC_W,Product3,298,136,20
149,2027-11-15,DC_W,Product4,266,73,35
149,2027-11-15,DC_W,Product5,589,84,38
149,2027-11-15,DC_C,Product1,235,107,25
149,2027-11-15,DC_C,Product2,307,129,44
149,2027-11-15,DC_C,Product3,577,65,13
149,2027-11-15,DC_C,Product4,591,90,34
149,2027-11-15,DC_C,Product5,301,103,9
149,2027-11-15,DC_E,Product1,542,182,14
149,2027-11-15,DC_E,Product2,529,103,4
149,2027-11-15,DC_E,Product3,503,139,13
149,2027-11-15,DC_E,Product4,301,196,43
149,2027-11-15,DC_E,Product5,523,69,37
150,2027-11-22,DC_W,Product1,285,196,2
150,2027-11-22,DC_W,Product2,340,114,41
150,2027-11-22,DC_W,Product3,506,106,28
150,2027-11-22,DC_W,Product4,534,52,40
150,2027-11-22,DC_W,Product5,578,54,2
150,2027-11-22,DC_C,Product1,337,63,23
150,2027-11-22,DC_C,Product2,491,135,9
150,2027-11-22,DC_C,Product3,461,152,46
150,2027-11-22,DC_C,Product4,258,153,45
150,2027-11-22,DC_C,Product5,400,104,8
150,2027-11-22,DC_E,Product1,546,109,46
150,2027-11-22,DC_E,Product2,539,106,28
150,2027-11-22,DC_E,Product3,210,89,35
150,2027-11-22,DC_E,Product4,471,103,40
150,2027-11-22,DC_E,Product5,294,119,23
151,2027-11-29,DC_W,Product1,336,193,34
151,2027-11-29,DC_W,Product2,415,126,7
151,2027-11-29,DC_W,Product3,348,150,46
151,2027-11-29,DC_W,Product4,526,95,21
151,2027-11-29,DC_W,Product5,233,65,23
151,2027-11-29,DC_C,Product1,412,89,32
151,2027-11-29,DC_C,Product2,481,94,37
151,2027-11-29,DC_C,Product3,282,131,40
151,2027-11-29,DC_C,Product4,414,186,2
151,2027-11-29,DC_C,Product5,435,134,33
151,2027-11-29,DC_E,Product1,533,158,39
151,2027-11-29,DC_E,Product2,315,108,31
151,2027-11-29,DC_E,Product3,421,194,9
151,2027-11-29,DC_E,Product4,340,135,43
151,2027-11-29,DC_E,Product5,571,100,3
152,2027-12-06,DC_W,Product1,368,109,49
152,2027-12-06,DC_W,Product2,372,95,18
152,2027-12-06,DC_W,Product3,358,173,4
152,2027-12-06,DC_W,Product4,326,194,7
152,2027-12-06,DC_W,Product5,497,103,29
152,2027-12-06,DC_C,Product1,239,95,25
152,2027-12-06,DC_C,Product2,292,131,10
152,2027-12-06,DC_C,Product3,460,185,4
152,2027-12-06,DC_C,Product4,286,176,31
152,2027-12-06,DC_C,Product5,231,122,10
152,2027-12-06,DC_E,Product1,279,191,38
152,2027-12-06,DC_E,Product2,478,85,5
152,2027-12-06,DC_E,Product3,548,50,19
152,2027-12-06,DC_E,Product4,311,135,12
152,2027-12-06,DC_E,Product5,324,177,30
153,2027-12-13,DC_W,Product1,258,158,10
153,2027-12-13,DC_W,Product2,373,146,13
153,2027-12-13,DC_W,Product3,353,160,46
153,2027-12-13,DC_W,Product4,411,51,16
153,2027-12-13,DC_W,Product5,359,100,21
153,2027-12-13,DC_C,Product1,453,68,13
153,2027-12-13,DC_C,Product2,403,97,49
153,2027-12-13,DC_C,Product3,372,180,44
153,2027-12-13,DC_C,Product4,534,57,47
153,2027-12-13,DC_C,Product5,251,55,20
153,2027-12-13,DC_E,Product1,277,77,14
153,2027-12-13,DC_E,Product2,299,152,9
153,2027-12-13,DC_E,Product3,417,197,21
153,2027-12-13,DC_E,Product4,456,195,6
153,2027-12-13,DC_E,Product5,367,177,46
154,2027-12-20,DC_W,Product1,440,71,45
154,2027-12-20,DC_W,Product2,269,102,18
154,2027-12-20,DC_W,Product3,378,168,40
154,2027-12-20,DC_W,Product4,487,53,28
154,2027-12-20,DC_W,Product5,498,116,47
154,2027-12-20,DC_C,Product1,529,145,3
154,2027-12-20,DC_C,Product2,460,186,18
154,2027-12-20,DC_C,Product3,535,96,28
154,2027-12-20,DC_C,Product4,459,151,44
154,2027-12-20,DC_C,Product5,293,89,35
154,2027-12-20,DC_E,Product1,270,119,1
154,2027-12-20,DC_E,Product2,256,151,37
154,2027-12-20,DC_E,Product3,246,84,4
154,2027-12-20,DC_E,Product4,373,68,21
154,2027-12-20,DC_E,Product5,492,152,14
155,2027-12-27,DC_W,Product1,469,189,17
155,2027-12-27,DC_W,Product2,331,135,12
155,2027-12-27,DC_W,Product3,460,174,22
155,2027-12-27,DC_W,Product4,471,147,1
155,2027-12-27,DC_W,Product5,273,184,46
155,2027-12-27,DC_C,Product1,512,188,15
155,2027-12-27,DC_C,Product2,299,107,2
155,2027-12-27,DC_C,Product3,523,197,41
155,2027-12-27,DC_C,Product4,421,94,9
155,2027-12-27,DC_C,Product5,345,150,22
155,2027-12-27,DC_E,Product1,573,178,5
155,2027-12-27,DC_E,Product2,252,151,11
155,2027-12-27,DC_E,Product3,516,138,11
155,2027-12-27,DC_E,Product4,391,110,43
155,2027-12-27,DC_E,Product5,212,184,32
